Day,Compost 1-Inside-Heating - kWh,Compost 1-Inside-Heating - w,Compost 1-Lower-Moisture,Compost 1-Lower-Temperature,Compost 1-Middle-Moisture,Compost 1-Middle-Temperature,Compost 1-Upper-Moisture,Compost 1-Upper-Temperature,Compost 2-Inside-Heating - kWh,Compost 2-Inside-Heating - w,Compost 2-Lower-Moisture,Compost 2-Lower-Temperature,Compost 2-Middle-Moisture,Compost 2-Middle-Temperature,Compost 2-Upper-Moisture,Compost 2-Upper-Temperature,Growing-18E0-Moisture,Growing-18E0-Temperature,Growing-4B21-Moisture,Growing-4B21-Temperature,Growing-5D20-Moisture,Growing-5D20-Temperature,Growing-E43B-Moisture,Growing-E43B-Temperature,Growing-R9A5E-Moisture,Growing-R9A5E-Temperature,Growing-Sensor 01-Moisture,Growing-Sensor 02-Moisture,Growing-Sensor 03-Moisture,Growing-Sensor 04-Moisture,Growing-Sensor 05-Moisture,Growing-Sensor 06-Moisture,Growing-Sensor 07-Moisture,Growing-Sensor 08-Moisture,Growing-Sensor 09-Moisture,Growing-Sensor 10-Moisture,Growing-Sensor 11-Moisture,Growing-Sensor 12-Moisture,Outside-Outside-Moisture,Outside-Outside-Temperature,Shed-Shed-Moisture,Shed-Shed-Temperature
2025-05-06,0.0,0.0,17.9,0.7,16.5,2.4,0.0,2.7,0.0,0.0,61.8,1.5,3.4,6.4,0.0,4.3,,,,,,,,,,,0.0,0.0,0.0,0.0,0.0,0.0,0.0,0.0,0.0,0.0,0.0,0.0,43.7,2.8,44.3,2.3
2025-05-07,0.0,0.0,18.6,1.4,19.6,3.2,0.0,3.7,0.0,0.0,61.8,2.5,5.3,7.2,0.0,5.7,,,,,,,,,,,0.0,0.0,0.0,0.0,0.0,0.0,0.0,0.0,0.0,0.0,0.0,0.0,44.4,2.8,44.7,2.4
2025-05-08,0.0,0.0,19.2,2.6,19.7,4.6,0.0,5.4,0.0,0.0,62.3,4.0,5.2,8.8,0.0,7.8,,,,,,,,,,,0.0,0.0,0.0,0.0,0.0,0.0,0.0,0.0,0.0,0.0,0.0,0.0,46.5,4.5,47.5,3.8
2025-05-09,0.0,0.0,19.6,5.0,20.0,6.9,0.0,7.4,0.0,0.0,63.5,6.0,5.6,10.8,0.0,9.5,,,,,,,,,,,0.0,0.0,0.0,0.0,0.0,0.0,0.0,0.0,0.0,0.0,0.0,0.0,47.5,5.9,49.1,4.9
2025-05-10,0.0,0.0,19.7,8.6,20.2,9.8,0.0,9.6,0.0,0.0,65.9,8.8,6.7,13.2,0.0,11.9,,,,,,,,,,,0.0,0.0,0.0,0.0,0.0,0.0,0.0,0.0,0.0,0.0,0.0,0.0,44.2,8.0,45.8,6.9
2025-05-11,0.0,0.0,20.1,12.5,20.6,13.1,0.0,12.1,0.0,0.0,69.9,12.5,7.0,17.1,0.0,16.6,,,,,,,,,,,0.0,0.0,0.0,0.0,0.0,0.0,0.0,0.0,0.0,0.0,0.0,0.0,40.5,9.8,42.5,8.3
2025-05-12,0.0,0.0,20.5,17.0,21.1,17.1,0.0,15.1,0.0,0.0,79.7,16.9,8.3,24.4,0.0,24.8,,,,,,,,,,,0.0,0.0,0.0,0.0,0.0,0.0,0.2,0.4,0.5,0.1,0.0,0.0,39.8,10.8,41.3,9.6
2025-05-13,0.0,0.0,20.9,20.9,21.6,21.6,0.0,19.3,0.0,0.0,86.7,21.8,11.4,32.1,0.0,27.6,,,,,,,,,,,0.0,0.0,0.0,0.0,0.0,0.0,0.1,0.3,0.4,0.1,0.0,0.0,44.0,10.4,44.7,9.9
2025-05-14,0.0,0.0,21.2,24.6,22.3,27.2,0.0,23.6,0.0,0.0,95.3,31.1,15.5,36.9,0.0,28.8,,,,,,,,,,,0.0,0.0,0.0,0.0,0.0,0.0,0.1,0.2,0.3,0.0,0.0,0.0,52.8,9.2,52.8,8.9
2025-05-15,0.0,0.0,21.8,31.3,23.0,34.9,0.0,28.1,0.0,0.0,99.9,39.6,17.7,42.2,0.0,31.6,,,,,,,,,,,0.0,0.0,0.0,0.0,0.0,0.0,0.1,0.2,0.3,0.0,0.0,0.0,46.0,10.5,47.3,9.6
2025-05-16,0.0,0.0,22.9,41.2,24.4,45.1,0.0,35.6,0.0,0.0,100.0,49.9,20.4,54.4,0.0,42.9,,,,,,,,,,,0.1,0.1,0.1,0.0,0.1,0.1,0.3,0.4,0.6,0.3,0.0,0.0,44.2,12.2,45.6,11.2
2025-05-17,0.0,0.0,25.4,53.4,26.3,56.3,0.0,44.4,0.0,0.0,100.0,57.7,20.4,59.3,0.0,49.7,,,,,,,,,,,0.1,0.3,0.4,0.0,0.2,0.2,0.7,0.8,0.8,0.7,0.0,0.0,43.5,9.7,44.3,9.2
2025-05-18,0.0,0.0,26.8,59.1,27.3,59.9,0.0,47.1,0.0,0.0,100.0,58.7,20.2,56.6,0.0,45.1,,,,,,,,,,,0.1,0.3,0.4,0.0,0.2,0.1,0.6,0.7,0.8,0.7,0.0,0.0,39.3,10.4,40.6,9.5
2025-05-19,0.0,0.0,29.3,57.5,35.0,56.9,0.0,44.1,0.0,0.0,100.0,59.9,21.6,58.8,0.0,44.7,,,,,,,,,,,0.1,0.3,0.4,0.0,0.1,0.1,0.7,0.8,0.8,0.7,0.0,0.0,43.8,12.2,44.8,11.4
2025-05-20,0.0,0.0,37.1,54.3,44.7,52.0,0.0,37.7,0.0,0.0,100.0,59.9,22.8,60.4,0.0,47.7,,,,,,,,,,,2.3,0.9,1.4,0.4,0.3,0.7,2.3,2.7,2.2,3.8,3.1,3.8,54.2,8.7,55.6,8.2
2025-05-21,0.0,0.0,37.6,48.4,43.0,45.2,0.0,29.9,0.0,0.0,100.0,56.7,23.5,56.3,0.0,42.2,,,,,,,,,,,4.5,1.2,2.4,0.7,0.4,1.3,4.0,4.7,3.6,6.9,6.0,7.4,72.3,3.6,72.3,3.4
2025-05-22,0.0,0.0,35.6,40.8,39.6,37.6,0.0,23.9,0.0,0.0,100.0,54.0,24.8,53.9,0.0,38.0,,,,,,,,,,,14.8,22.6,16.0,14.0,11.9,13.3,12.5,16.9,12.0,24.6,15.3,13.1,71.7,4.1,71.6,4.0
2025-05-23,0.0,0.0,39.9,33.9,32.6,31.1,0.0,21.5,0.0,0.0,100.0,52.5,37.1,52.5,0.0,37.2,,,,,,,,,,,13.9,32.6,24.1,11.0,12.8,16.2,22.6,25.2,7.5,16.4,9.9,8.3,61.1,9.8,60.7,9.8
2025-05-24,0.0,0.0,45.1,30.0,27.8,27.2,0.0,20.8,0.0,0.0,100.0,50.6,42.4,49.4,0.0,37.0,,,,,,,,,,,10.2,43.0,31.3,17.9,13.2,21.7,33.4,40.6,0.8,1.5,1.6,2.3,59.2,13.4,60.1,12.7
2025-05-25,0.0,0.0,43.5,27.5,27.3,24.9,0.0,19.6,0.0,0.0,100.0,47.6,37.6,45.7,0.0,34.5,,,,,,,,,,,10.5,48.4,42.5,21.1,15.3,24.9,39.8,45.4,0.8,1.5,1.6,2.4,53.9,12.6,54.4,12.3
2025-05-26,0.0,0.0,44.4,25.6,22.8,24.3,0.0,20.4,0.0,0.0,100.0,43.2,27.4,40.3,0.0,30.5,,,,,,,,,,,13.4,40.0,41.8,17.7,15.5,25.8,38.0,30.9,7.3,3.5,6.1,6.8,51.2,13.6,52.1,13.2
2025-05-27,0.0,0.0,42.9,25.7,20.2,24.4,0.0,21.1,0.0,0.0,100.0,39.4,22.2,36.9,0.0,28.8,,,,,,,,,,,25.0,44.0,43.0,31.9,23.6,43.4,41.6,25.6,12.8,23.4,20.6,21.1,57.7,13.8,57.6,13.5
2025-05-28,0.0,0.0,42.0,25.9,20.0,24.0,0.0,19.1,0.0,0.0,96.2,35.2,21.5,32.9,3.0,24.0,,,,,,,,,,,21.8,35.3,30.0,20.8,22.0,33.4,29.1,23.8,8.7,16.0,19.4,16.0,59.5,11.9,59.7,11.6
2025-05-29,0.0,0.0,42.0,26.9,20.0,25.5,0.0,21.9,0.0,0.0,92.7,32.2,21.9,33.3,5.9,25.0,,,,,,,,,,,29.6,40.6,30.8,28.4,33.1,42.7,29.7,38.6,14.9,23.1,34.3,41.9,51.5,15.2,54.8,13.7
2025-05-30,0.0,0.0,35.5,28.9,17.2,30.2,0.1,30.1,0.0,0.0,54.3,28.8,11.4,31.2,9.7,28.8,,,,,,,,,,,32.0,40.3,34.3,33.2,33.9,27.0,34.2,42.3,20.1,20.7,35.1,28.3,44.2,16.1,47.3,14.6
2025-05-31,0.0,0.0,25.9,27.9,12.3,32.9,2.2,38.3,0.0,0.0,10.6,22.0,0.0,25.6,13.8,34.3,,,,,,,,,,,37.0,43.7,37.5,34.4,39.1,29.7,35.7,44.3,27.0,25.4,36.6,17.3,54.3,13.7,55.2,13.0
2025-06-01,0.0,0.0,24.6,29.0,11.2,35.6,5.2,41.9,0.0,0.0,9.0,20.1,0.0,24.4,16.6,42.4,,,,,,,,,,,41.4,45.3,42.7,34.9,45.9,35.0,41.2,49.7,31.7,30.4,41.2,19.3,71.4,10.8,71.0,10.7
2025-06-02,0.0,0.0,23.4,30.5,10.9,38.4,7.0,43.5,0.0,0.0,7.6,20.0,0.0,24.9,17.9,42.4,,,,,,,,,,,37.8,41.6,34.4,15.3,14.5,26.6,36.1,38.9,31.7,30.1,35.9,18.4,74.4,10.9,73.1,11.0
2025-06-03,0.0,0.0,22.5,33.4,13.8,41.6,9.0,43.2,0.0,0.0,6.5,20.8,0.0,25.6,17.9,40.1,,,,,,,,,,,44.0,48.5,38.9,19.3,15.3,33.3,39.3,24.6,32.6,36.6,27.0,30.3,65.9,13.1,67.1,12.5
2025-06-04,0.0,0.0,21.4,38.3,16.4,45.5,9.7,43.7,0.0,0.0,5.7,21.4,0.0,25.9,17.5,36.3,,,,,,,,,,,36.1,28.1,35.8,21.5,10.5,28.8,26.3,9.7,25.1,28.0,11.9,32.7,50.0,15.8,52.8,14.4
2025-06-05,0.0,0.0,20.5,43.0,19.1,47.8,9.9,43.3,0.0,0.0,5.8,22.0,0.0,26.1,17.4,33.8,,,,,,,,,,,35.1,23.3,33.8,29.9,14.8,36.5,20.8,12.9,25.8,32.4,20.4,29.2,66.4,13.9,65.9,13.8
2025-06-06,0.0,0.0,18.6,42.2,17.8,46.1,9.3,40.9,0.0,0.0,5.7,21.4,0.0,25.3,17.3,31.3,,,,,,,,,,,38.2,30.0,34.3,36.9,16.1,42.4,20.8,20.3,28.4,44.2,32.7,29.4,55.0,15.9,58.3,14.5
2025-06-07,0.0,0.0,17.7,42.7,18.0,44.7,9.1,39.2,0.0,0.0,5.6,21.5,0.0,25.3,17.3,30.8,,,,,,,,,,,40.9,35.9,35.5,36.2,17.0,45.9,20.8,24.7,29.4,50.9,35.1,31.4,65.2,14.3,65.4,14.1
2025-06-08,0.0,0.0,17.5,41.6,18.4,42.5,8.9,36.5,0.0,0.0,5.6,20.9,0.0,24.6,17.2,28.0,,,,,,,,,,,42.1,37.3,38.5,32.9,16.8,46.6,21.6,26.9,31.4,53.7,36.2,34.1,76.1,12.7,75.8,12.4
2025-06-09,0.0,0.0,17.1,38.8,18.6,39.9,8.7,33.7,0.0,0.0,5.4,19.6,0.0,22.9,16.7,24.0,,,,,,,,,,,36.4,33.1,42.4,30.0,17.7,47.4,24.7,30.7,32.6,37.8,38.1,38.2,76.0,11.7,76.0,11.4
2025-06-10,0.0,0.0,16.7,36.0,18.5,37.0,8.5,30.9,0.0,0.0,9.7,18.2,0.0,20.9,16.7,21.1,,,,,,,,,,,38.0,32.0,46.8,29.4,19.0,48.5,26.0,33.9,33.9,27.1,43.5,41.9,55.1,14.9,58.4,13.6
2025-06-11,0.0,0.0,16.9,34.4,17.8,34.8,8.5,29.5,0.0,0.0,13.8,18.1,0.0,20.0,17.6,19.9,,,,,,,,,,,16.5,14.9,18.7,11.7,7.4,18.4,10.1,13.5,14.5,10.7,19.3,19.9,60.0,14.2,61.7,13.6
2025-06-12,0.0,0.0,17.0,32.1,18.3,32.4,8.7,27.0,0.0,0.0,13.4,16.9,0.0,18.7,17.3,18.2,,,,,,,,,,,0.3,0.6,1.9,0.9,0.6,0.3,0.8,0.3,1.2,1.6,4.5,3.3,60.4,12.5,62.7,11.6
2025-06-13,0.0,0.0,17.1,28.5,18.6,28.4,9.3,22.2,0.0,0.0,12.2,15.5,0.0,17.0,17.7,14.1,,,,,,,,,,,0.2,0.9,2.3,1.4,0.7,0.3,0.8,0.4,1.1,1.6,5.0,3.2,49.2,14.3,53.1,12.6
2025-06-14,0.0,0.0,17.5,26.4,17.3,26.0,8.2,23.0,0.0,0.0,11.9,16.2,0.0,17.4,18.4,15.8,,,,,,,,,,,0.0,0.6,2.0,1.4,0.7,0.2,0.7,0.1,0.9,1.5,5.2,3.1,47.3,17.3,49.6,16.3
2025-06-15,0.0,0.0,17.6,26.0,14.6,26.1,7.9,24.3,0.0,0.0,12.0,18.0,0.0,20.1,20.2,27.2,,,,,,,,,,,0.0,0.4,1.7,1.2,0.5,0.1,0.6,0.1,0.7,1.3,5.1,2.8,46.6,16.5,49.1,15.1
2025-06-16,0.0,0.0,18.0,23.9,14.4,24.5,7.8,23.1,0.0,0.0,9.4,19.3,0.0,22.9,20.0,37.9,,,,,,,,,,,0.1,0.6,2.0,1.5,0.7,0.3,0.7,0.3,1.1,1.4,11.7,3.4,48.1,14.8,51.4,13.3
2025-06-17,0.0,0.0,19.7,22.6,5.9,22.5,8.0,22.2,0.0,0.0,7.8,23.2,0.0,27.5,22.3,46.0,,,,,,,,,,,0.0,0.3,1.8,1.5,0.7,0.2,0.6,0.0,0.9,1.0,14.5,3.3,68.8,14.2,68.9,13.9
2025-06-18,0.0,0.0,20.0,21.7,4.9,21.7,7.8,21.6,0.0,0.0,7.6,25.1,0.0,29.5,24.3,48.1,,,,,,,,,,,0.0,0.2,1.8,1.5,0.6,0.2,0.6,0.0,0.9,1.2,12.7,2.6,72.2,13.8,73.1,13.3
2025-06-19,0.0,0.0,20.8,20.4,7.1,20.9,6.4,19.7,0.0,0.0,7.0,23.7,0.0,28.0,40.6,44.1,,,,,,,,,,,0.1,0.3,1.8,1.7,0.5,0.4,1.2,0.2,1.8,1.5,8.6,3.2,50.2,13.9,53.3,12.5
2025-06-20,0.0,0.0,22.5,20.0,10.2,20.6,5.4,17.9,0.0,0.0,7.1,21.4,0.0,25.1,58.1,38.3,,,,,,,,,,,0.2,0.2,1.8,1.8,0.3,0.5,1.9,0.3,2.3,1.7,4.5,3.8,46.6,12.4,49.3,11.0
2025-06-21,0.0,0.0,22.9,19.4,10.7,19.9,6.2,17.6,0.0,0.0,7.3,20.1,0.0,23.0,56.3,32.7,,,,,,,,,,,0.4,0.4,2.2,2.0,0.5,0.6,2.3,0.5,2.5,2.2,5.5,4.1,46.0,14.4,49.2,12.8
2025-06-22,0.0,0.0,23.4,19.6,11.0,20.1,7.4,18.0,0.0,0.0,7.8,19.8,0.0,22.1,51.5,31.8,,,,,,,,,,,0.6,0.7,2.6,2.3,0.7,0.9,2.6,0.7,2.8,2.5,6.6,4.4,44.8,16.0,48.3,14.0
2025-06-23,0.0,0.0,24.2,20.4,11.3,21.1,8.5,18.8,0.0,0.0,7.9,20.4,0.0,22.7,52.9,36.4,,,,,,,,,,,0.3,0.3,2.3,1.8,0.5,0.6,2.4,0.6,3.1,1.9,5.6,3.2,58.8,14.3,60.3,13.4
2025-06-24,0.0,0.0,37.8,20.2,8.5,19.2,5.1,17.4,0.0,0.0,21.2,21.4,0.0,24.4,39.8,32.7,,,,,,,,,,,0.3,0.4,2.3,1.6,0.5,0.6,2.4,0.7,3.2,1.9,5.4,2.5,75.5,12.6,75.9,12.3
2025-06-25,0.0,0.0,55.2,20.5,3.4,16.0,0.0,15.5,0.0,0.0,35.8,23.1,0.0,24.8,20.2,24.9,,,,,,,,,,,0.4,0.4,2.3,1.2,0.4,0.5,2.4,0.7,2.7,1.9,6.7,2.7,75.0,10.5,76.5,10.0
2025-06-26,0.0,0.0,56.1,20.4,2.8,16.5,0.0,16.1,0.0,0.0,36.1,22.3,0.0,23.3,20.4,22.3,,,,,,,,,,,0.3,0.4,2.3,0.6,0.3,0.3,2.1,0.6,1.9,1.5,8.5,2.6,60.9,15.1,65.8,13.4
2025-06-27,0.0,0.0,58.5,22.0,2.8,19.0,0.0,18.6,0.0,0.0,37.6,23.7,0.0,24.0,21.0,22.5,,,,,,,,,,,0.1,0.2,2.0,0.6,0.2,0.2,1.9,0.3,1.7,1.4,8.2,2.4,56.6,16.9,60.7,15.5
2025-06-28,0.0,0.0,61.3,24.2,2.7,20.6,0.0,20.1,0.0,0.0,39.7,25.8,0.0,26.0,21.9,23.5,,,,,,,,,,,0.1,0.1,1.7,0.6,0.1,0.1,1.6,0.0,1.2,1.2,7.9,2.0,58.5,16.2,61.1,15.2
2025-06-29,0.0,0.0,63.1,26.0,2.5,21.1,0.0,20.5,0.0,0.0,40.9,28.1,0.0,28.6,22.6,24.8,,,,,,,,,,,0.1,0.1,1.7,0.6,0.1,0.1,1.6,0.0,1.2,1.2,8.0,1.9,76.1,14.3,76.2,14.1
2025-06-30,0.0,0.0,64.1,26.9,2.5,21.7,0.0,21.1,0.0,0.0,41.7,29.6,0.0,30.7,23.3,26.8,,,,,,,,,,,0.3,0.3,2.1,0.9,0.2,0.2,2.3,0.4,1.5,1.4,9.3,2.4,60.4,15.9,61.9,15.2
2025-07-01,0.0,0.0,65.9,28.2,2.5,22.9,0.0,22.3,0.0,0.0,42.2,30.7,0.0,31.9,23.1,28.7,,,,,,,,,,,0.8,0.6,2.5,0.8,0.6,0.2,7.6,1.6,7.1,2.1,8.8,4.1,57.6,17.0,60.2,16.0
2025-07-02,0.0,0.0,68.6,29.4,2.6,24.1,0.0,23.3,0.0,0.0,42.9,31.6,0.0,32.7,22.7,29.3,,,,,,,,,,,1.0,0.5,2.2,0.1,0.5,0.0,11.1,2.3,11.2,2.0,7.5,5.1,68.6,16.1,69.4,15.7
2025-07-03,0.0,0.0,69.3,29.8,2.4,22.8,0.0,22.1,0.0,0.0,40.8,30.0,0.0,30.9,22.5,27.2,,,,,,,,,,,1.6,0.9,2.8,0.4,1.0,0.1,11.4,2.7,11.2,2.6,8.0,6.3,65.3,13.8,66.5,13.3
2025-07-04,0.0,0.0,68.6,28.9,1.0,21.1,0.0,20.3,0.0,0.0,38.6,26.8,0.0,27.6,22.0,24.2,,,,,,,,,,,2.2,1.4,3.2,0.5,1.6,0.4,34.7,3.2,13.5,4.1,8.0,10.5,72.2,10.7,73.6,10.4
2025-07-05,0.0,0.0,67.2,27.2,0.0,20.2,0.0,19.5,0.0,0.0,37.3,23.6,0.0,24.1,21.5,21.4,,,,,,,,,,,2.9,1.9,3.8,0.6,2.3,0.9,15.0,3.3,17.0,4.7,5.3,15.5,59.6,13.7,62.5,12.6
2025-07-06,0.0,0.0,66.7,26.1,0.1,20.6,0.0,19.9,0.0,0.0,37.4,22.4,0.0,22.8,21.4,20.5,,,,,,,,,,,2.8,1.9,3.7,0.6,2.2,0.9,13.2,3.1,17.3,4.5,5.2,15.3,49.5,16.2,53.6,14.3
2025-07-07,0.0,0.0,66.8,26.0,0.5,21.1,0.0,20.4,0.0,0.0,37.5,22.2,0.0,22.6,21.3,20.4,,,,,,,,,,,2.6,1.7,3.5,0.5,1.9,0.7,12.7,2.8,16.8,4.3,4.9,15.1,49.0,16.1,51.9,14.7
2025-07-08,0.0,0.0,66.5,25.6,0.2,20.0,0.0,19.2,0.0,0.0,37.1,21.5,0.0,21.8,21.1,19.4,,,,,,,,,,,2.6,1.6,3.6,0.5,1.9,0.6,12.4,2.7,16.5,4.8,4.8,13.9,65.8,12.6,67.0,12.1
2025-07-09,0.0,0.0,64.7,24.2,0.0,19.2,0.0,18.6,0.0,0.0,36.3,20.0,0.0,20.5,20.8,18.4,,,,,,,,,,,2.5,1.6,3.5,0.4,1.8,0.6,12.3,2.7,16.2,5.2,4.7,12.7,56.6,16.0,60.1,14.7
2025-07-10,0.0,0.0,65.8,24.2,0.6,20.9,0.0,20.4,0.0,0.0,37.8,20.6,0.0,20.9,20.6,19.6,,,,,,,,,,,2.5,1.6,3.5,0.3,1.8,0.6,12.2,2.7,16.2,5.4,4.5,12.4,54.3,19.5,58.7,17.6
2025-07-11,0.0,0.0,67.5,25.6,1.9,23.0,0.0,22.5,0.0,0.0,39.3,22.2,0.0,22.5,19.0,21.4,,,,,,,,,,,2.5,1.6,3.5,0.4,1.8,0.6,12.2,2.7,16.2,5.4,4.6,12.5,50.3,21.9,54.5,20.0
2025-07-12,0.0,0.0,71.2,27.7,2.7,25.0,0.0,24.5,0.0,0.0,40.8,24.5,0.0,24.7,17.6,23.4,,,,,,,,,,,2.8,1.9,3.7,0.6,2.2,0.8,12.5,3.2,16.6,5.6,4.8,13.0,49.5,23.2,54.1,21.3
2025-07-13,0.0,0.0,77.5,29.9,3.1,27.2,0.0,26.7,0.0,0.0,42.5,27.1,0.0,27.1,18.8,25.9,,,,,,,,,,,2.8,1.8,3.7,0.5,2.1,0.7,12.5,3.1,16.5,5.7,4.8,13.1,50.1,25.8,54.3,23.9
2025-07-14,0.0,0.0,90.8,32.6,3.1,29.3,0.0,28.8,0.0,0.0,46.0,31.0,15.5,30.7,20.4,28.6,,,,,,,,,,,2.6,1.7,3.5,0.4,1.9,0.6,12.4,2.8,15.9,6.2,4.7,12.5,46.9,25.7,50.0,24.2
2025-07-15,0.0,0.0,99.8,35.0,2.8,30.3,0.0,29.7,0.0,0.0,52.9,34.6,29.4,33.7,21.3,29.6,,,,,,,,,,,2.6,1.6,3.5,0.4,1.7,0.6,12.3,2.7,15.3,6.4,4.6,11.9,49.0,25.4,52.3,23.8
2025-07-16,0.0,0.0,100.0,36.9,2.9,30.7,0.0,29.9,0.0,0.0,55.4,38.2,30.1,36.6,21.9,30.8,,,,,,,,,,,2.4,1.4,3.2,0.3,1.5,0.5,11.9,2.4,14.6,5.9,4.4,11.4,38.3,23.1,40.4,21.8
2025-07-17,0.0,0.0,100.0,37.1,2.7,30.0,0.0,29.0,0.0,0.0,57.6,40.4,30.8,38.0,22.9,31.5,,,,,,,,,,,2.3,1.3,3.1,0.3,1.5,0.5,11.9,2.4,13.9,5.9,4.3,11.1,39.9,22.2,42.6,20.6
2025-07-18,0.0,0.0,99.4,36.7,2.7,30.6,0.1,29.7,0.0,0.0,58.0,40.4,33.2,38.4,22.3,32.4,,,,,,,,,,,2.5,1.5,3.3,0.3,1.6,0.5,12.0,2.5,12.0,4.8,4.4,9.9,44.0,24.3,46.7,22.9
2025-07-19,0.0,0.0,95.7,36.7,2.8,30.9,0.0,30.0,0.0,0.0,57.5,42.0,37.2,40.4,20.5,34.0,,,,,,,,,,,2.6,1.6,3.4,0.4,1.7,0.5,12.3,2.6,10.4,3.5,4.5,9.4,44.1,25.1,46.9,23.6
2025-07-20,0.0,0.0,92.8,36.6,2.8,30.9,0.0,30.1,0.0,0.0,55.7,43.0,38.7,41.7,20.5,34.7,,,,,,,,,,,2.7,1.6,3.5,0.4,1.8,0.5,12.3,2.6,10.4,3.5,4.6,9.5,46.7,24.8,49.6,23.3
2025-07-21,0.0,0.0,92.7,36.2,2.5,30.8,0.1,30.1,0.0,0.0,74.5,41.3,33.0,39.9,21.7,32.8,,,,,,,,,,,2.5,1.4,3.2,0.3,1.5,0.5,12.0,2.4,9.7,3.2,4.5,9.6,48.0,25.7,51.2,24.1
2025-07-22,0.0,0.0,100.0,39.9,3.3,34.3,0.0,33.9,0.0,0.0,100.0,40.6,28.8,39.5,23.8,33.7,,,,,,,,,,,2.2,1.2,2.8,0.1,1.2,0.3,11.7,2.0,9.1,2.9,4.2,9.5,50.6,26.5,53.8,24.9
2025-07-23,0.0,0.0,100.0,40.1,3.5,35.3,0.0,34.8,0.0,0.0,100.0,41.1,31.6,40.1,24.1,34.2,,,,,,,,,,,2.4,1.3,3.0,0.2,1.3,0.4,11.8,2.2,9.0,2.9,4.4,10.0,49.8,26.4,52.4,25.2
2025-07-24,0.0,0.0,91.1,40.0,3.2,34.1,0.0,33.6,0.0,0.0,100.0,40.0,38.1,38.1,15.9,32.0,,,,,,,,,,,2.3,1.3,2.9,0.2,1.3,0.4,11.8,2.1,8.9,2.9,4.3,10.8,51.8,25.1,54.4,24.0
2025-07-25,0.0,0.0,85.9,38.5,3.0,33.0,0.0,32.6,0.0,0.0,100.0,38.2,46.3,36.2,8.2,30.3,,,,,,,,,,,2.4,1.3,3.0,0.3,1.4,0.4,11.9,2.1,8.4,3.0,4.3,11.9,64.0,22.7,65.4,22.1
2025-07-26,0.0,0.0,85.2,36.3,2.8,31.6,0.0,31.2,0.0,0.0,100.0,36.4,47.5,34.6,6.1,29.7,,,,,,,,,,,2.4,1.3,3.0,0.4,1.4,0.4,11.9,2.2,9.2,3.0,4.3,13.0,66.6,23.9,68.6,23.0
2025-07-27,0.0,0.0,85.2,34.1,2.6,29.6,0.0,29.3,0.0,0.0,100.0,34.8,46.4,33.6,4.9,28.7,,,,,,,,,,,2.5,1.4,3.2,0.5,1.5,0.5,12.1,2.3,9.3,3.1,4.4,13.2,56.9,23.8,60.4,22.2
2025-07-28,0.0,0.0,89.9,32.8,2.5,29.4,0.0,29.1,0.0,0.0,100.0,34.5,25.9,34.1,4.3,29.8,,,,,,,,,,,2.5,1.4,3.1,0.5,1.5,0.6,11.8,2.3,6.1,2.9,6.4,12.5,64.7,23.8,66.5,22.9
2025-07-29,0.0,0.0,97.3,30.7,2.7,26.9,0.0,26.8,0.0,0.0,100.0,34.3,8.7,33.7,4.8,29.5,,,,,,,,,,,2.5,1.5,3.3,0.7,1.7,0.8,11.8,2.3,4.0,2.9,8.8,13.3,70.8,23.5,73.7,22.4
2025-07-30,0.0,0.0,99.9,31.8,2.3,27.9,0.0,27.8,0.0,0.0,100.0,34.6,6.7,33.8,5.1,30.6,,,,,,,,,,,2.5,1.5,3.2,1.0,1.7,0.7,11.8,2.4,4.0,2.8,8.2,13.7,66.8,26.0,70.0,24.9
2025-07-31,0.0,0.0,100.0,33.1,2.5,29.5,0.0,29.4,0.0,0.0,100.0,35.6,5.2,34.4,4.9,31.8,,,,,,,,,,,1.9,1.0,2.6,0.6,1.2,0.3,11.3,1.7,3.4,2.2,5.9,13.3,63.9,26.7,67.5,25.3
2025-08-01,0.0,0.0,100.0,34.1,2.6,30.4,0.0,30.2,0.0,0.0,100.0,36.4,4.4,35.1,4.8,32.5,,,,,,,,,,,1.2,0.8,2.3,0.6,1.0,0.5,11.5,1.7,3.9,2.4,11.4,16.6,55.9,26.8,58.8,25.7
2025-08-02,0.0,0.0,100.0,33.9,2.5,29.9,0.0,29.7,0.0,0.0,100.0,36.8,3.5,35.0,4.8,32.2,,,,,,,,,,,0.6,0.6,2.1,0.8,0.9,0.5,11.5,1.6,4.0,2.4,13.0,18.1,57.6,25.6,60.2,24.5
2025-08-03,0.0,0.0,100.0,32.7,2.3,28.4,0.0,28.2,0.0,0.0,100.0,36.5,2.3,33.7,4.8,31.0,,,,,,,,,,,0.6,0.6,2.1,0.9,0.9,0.5,11.5,1.7,4.2,2.4,13.0,18.0,68.7,22.4,70.6,21.6
2025-08-04,0.0,0.0,100.0,29.9,0.9,25.9,0.0,25.7,0.0,0.0,100.0,34.6,0.6,31.4,5.0,28.7,,,,,,,,,,,0.5,0.5,2.0,0.9,0.7,0.4,11.4,1.6,3.6,2.2,13.0,17.0,65.0,22.3,67.3,21.4
2025-08-05,0.0,0.0,100.0,29.1,1.1,26.3,0.0,26.1,0.0,0.0,100.0,33.8,0.3,31.3,5.4,29.0,,,,,,,,,,,0.6,0.5,2.0,1.0,0.7,0.4,11.7,1.5,3.1,2.1,13.1,16.7,62.2,23.3,63.9,22.5
2025-08-06,0.0,0.0,100.0,27.6,0.0,23.8,0.0,23.6,0.0,0.0,100.0,32.9,6.2,28.9,5.1,26.6,,,,,,,,,,,0.7,0.5,1.9,1.1,0.7,0.5,11.6,1.5,3.3,2.1,13.4,17.5,68.7,19.3,72.2,18.0
2025-08-07,0.0,0.0,98.5,24.0,0.0,20.3,0.0,20.1,0.0,0.0,100.0,30.2,17.2,24.8,5.0,23.2,,,,,,,,,,,1.0,0.7,2.2,1.4,0.9,0.6,11.9,1.7,3.5,2.4,13.9,18.1,72.2,16.1,73.8,15.5
2025-08-08,0.0,0.0,94.7,21.5,0.0,19.3,0.0,19.1,0.0,0.0,100.0,27.1,16.5,22.8,4.3,21.6,,,,,,,,,,,0.9,0.6,2.1,1.3,0.9,0.5,12.0,1.7,3.4,2.2,13.5,18.0,62.7,18.7,66.5,17.2
2025-08-09,0.0,0.0,93.8,20.7,0.0,19.2,0.0,19.0,0.0,0.0,100.0,25.0,15.5,21.8,4.0,20.9,,,,,,,,,,,0.9,0.6,2.1,1.4,0.9,0.6,12.1,1.7,3.4,2.3,13.4,18.2,63.4,18.9,66.3,17.7
2025-08-10,0.0,0.0,93.5,20.5,0.0,19.2,0.0,19.0,0.0,0.0,100.0,23.5,15.0,21.0,3.9,20.2,,,,,,,,,,,0.9,0.6,2.1,1.4,0.9,0.6,12.1,1.7,3.5,2.3,13.3,18.3,69.7,18.4,71.9,17.4
2025-08-11,0.0,0.0,93.1,20.1,0.0,18.7,0.0,18.6,0.0,0.0,100.0,22.1,14.3,19.9,3.8,19.1,,,,,,,,,,,0.8,0.5,2.0,1.4,0.8,0.5,12.0,1.6,3.3,2.2,13.1,17.8,71.2,17.9,73.2,17.1
2025-08-12,0.0,0.0,86.9,19.5,0.0,17.8,0.0,17.7,0.0,0.0,100.0,20.7,8.8,18.7,3.6,17.8,,,,,,,,,,,0.8,0.6,2.0,1.4,0.8,0.5,12.0,1.6,3.5,2.2,13.0,17.6,70.0,16.8,73.3,15.7
2025-08-13,0.0,0.0,80.8,18.5,0.0,16.9,0.0,16.8,0.0,0.0,100.0,19.2,4.2,17.5,3.1,16.8,,,,,,,,,,,0.8,0.6,2.0,1.4,0.8,0.5,12.0,1.5,3.8,2.1,13.0,17.8,72.2,16.2,75.4,15.0
2025-08-14,0.0,0.0,79.2,18.0,0.0,17.1,0.0,17.0,0.0,0.0,100.0,18.2,4.5,17.0,3.1,16.7,,,,,,,,,,,0.4,0.3,1.6,0.9,0.9,0.6,5.2,1.0,2.0,1.8,6.1,8.1,74.7,17.2,76.6,16.6
2025-08-15,0.0,0.0,80.9,19.1,0.0,18.9,0.0,18.8,0.0,0.0,100.0,18.3,4.6,18.2,3.1,18.1,,,,,,,,,,,0.1,0.0,0.9,0.3,0.6,0.3,2.4,0.4,0.7,1.1,1.2,2.4,76.7,19.4,77.9,18.9
2025-08-16,0.0,0.0,82.2,20.1,0.0,18.9,0.0,18.7,0.0,0.0,99.5,18.7,4.0,17.9,3.1,17.2,,,,,,,,,,,0.1,0.0,1.0,0.4,0.6,0.3,2.9,0.5,0.7,1.2,1.3,2.6,80.8,16.0,81.3,15.7
2025-08-17,0.0,0.0,81.7,20.1,0.0,18.3,0.0,18.2,0.0,0.0,98.2,17.4,4.1,15.5,3.0,14.7,,,,,,,,,,,0.1,0.0,0.9,0.3,0.5,0.2,2.7,0.5,0.7,1.1,1.2,2.6,76.5,12.7,78.2,12.3
2025-08-18,0.0,0.0,81.0,20.3,0.0,18.9,0.0,18.9,0.0,0.0,96.6,15.7,4.1,14.1,2.9,13.5,,,,,,,,,,,0.0,0.0,1.1,0.2,0.4,0.2,2.6,0.4,0.6,1.0,1.1,2.5,72.7,13.2,74.8,12.5
2025-08-19,0.0,0.0,81.9,21.3,0.0,19.8,0.0,19.7,0.0,0.0,94.9,14.8,4.3,13.6,2.9,12.9,,,,,,,,,,,0.0,0.0,1.1,0.1,0.3,0.1,2.4,0.3,0.5,0.7,1.0,2.3,73.7,11.5,75.4,11.0
2025-08-20,0.0,0.0,79.6,20.2,0.1,17.7,0.0,17.6,0.0,0.0,93.3,13.1,4.2,11.5,2.7,10.8,,,,,,,,,,,0.0,0.0,1.1,0.1,0.3,0.1,2.4,0.3,0.4,0.7,1.0,2.3,69.1,9.8,70.5,9.3
2025-08-21,0.0,0.0,77.9,19.7,0.5,17.6,0.0,17.5,0.0,0.0,91.9,11.9,4.0,10.8,2.5,10.3,,,,,,,,,,,0.0,0.0,1.0,0.1,0.3,0.1,2.2,0.3,0.4,0.6,0.8,2.2,69.0,10.7,72.3,9.6
2025-08-22,0.0,0.0,78.0,19.6,2.4,17.9,0.0,17.9,0.0,0.0,91.2,11.2,4.0,10.4,2.7,10.1,,,,,,,,,,,0.0,0.0,0.9,0.0,0.2,0.1,2.1,0.2,0.3,0.5,0.7,2.1,67.0,10.7,70.2,9.8
2025-08-23,0.0,0.0,79.5,20.4,2.8,19.0,0.0,19.0,0.0,0.0,90.9,11.0,3.9,10.6,2.8,10.4,,,,,,,,,,,0.0,0.0,1.0,0.1,0.4,0.1,2.3,0.3,0.4,0.6,0.9,2.2,73.4,10.7,74.3,10.3
2025-08-24,0.0,0.0,81.4,21.3,3.1,20.1,0.0,20.1,0.0,0.0,90.6,11.0,4.0,10.9,3.0,10.9,,,,,,,,,,,0.0,0.0,0.4,0.0,0.3,0.1,2.0,0.2,0.3,0.4,0.7,2.0,73.2,12.0,74.1,11.6
2025-08-25,0.0,0.0,82.1,22.0,2.8,20.0,0.0,20.0,0.0,0.0,90.5,11.2,3.7,10.9,3.0,10.5,,,,,,,,,,,0.0,0.0,0.4,0.0,0.3,0.1,1.5,0.2,0.4,0.4,0.6,1.9,80.2,10.7,80.0,10.5
2025-08-26,0.0,0.0,83.7,22.6,3.0,20.9,0.0,20.9,0.0,0.0,90.6,11.3,3.9,11.3,3.1,11.2,,,,,,,,,,,0.0,0.0,0.3,0.0,0.2,0.1,1.0,0.2,0.4,0.4,0.6,1.7,76.9,11.9,77.1,11.6
2025-08-27,0.0,0.0,83.8,22.6,2.9,20.0,0.0,20.0,0.0,0.0,90.5,11.4,3.7,11.1,3.1,10.7,,,,,,,,,,,0.0,0.0,0.3,0.0,0.1,0.0,1.3,0.1,0.3,0.4,0.5,1.8,72.0,10.3,72.0,10.2
2025-08-28,0.0,0.0,82.3,21.3,2.4,18.1,0.0,18.1,0.0,0.0,89.9,10.9,3.9,10.2,3.1,9.7,,,,,,,,,,,0.1,0.0,0.4,0.4,0.6,0.3,1.6,0.3,0.4,0.7,0.7,2.0,81.2,9.8,81.4,9.4
2025-08-29,0.0,0.0,82.8,20.8,2.3,18.7,0.0,18.7,0.0,0.0,89.7,10.8,4.1,10.7,3.2,10.8,,,,,,,,,,,0.0,0.0,0.4,0.5,0.5,0.4,1.4,0.3,0.4,0.6,0.5,1.9,72.6,13.1,76.6,11.9
2025-08-30,0.0,0.0,82.6,20.5,1.0,17.7,0.0,17.6,0.0,0.0,89.8,11.0,3.8,10.8,3.3,10.6,,,,,,,,,,,0.0,0.0,0.0,0.0,0.1,0.0,0.6,0.0,0.0,0.2,0.1,1.0,69.2,11.3,72.6,10.1
2025-08-31,0.0,0.0,80.0,19.0,0.0,16.0,0.0,15.9,0.0,0.0,89.4,10.6,3.8,10.1,3.4,10.0,,,,,,,,,,,0.0,0.0,0.0,0.0,0.0,0.0,0.5,0.0,0.0,0.1,0.0,0.8,70.9,11.1,73.7,10.2
2025-09-01,0.0,0.0,80.2,19.1,0.0,17.3,0.0,17.3,0.0,0.0,89.5,11.1,3.8,11.4,3.7,11.8,,,,,,,,,,,0.0,0.0,0.0,0.0,0.0,0.0,0.3,0.0,0.0,0.0,0.0,0.6,77.1,13.5,78.0,13.1
2025-09-02,0.0,0.0,81.8,20.0,0.1,18.9,0.0,18.8,0.0,0.0,90.3,12.2,4.2,13.0,4.0,13.5,,,,,,,,,,,0.0,0.0,0.0,0.0,0.1,0.0,0.5,0.0,0.0,0.1,0.1,0.8,75.7,15.5,76.7,15.1
2025-09-03,0.0,0.0,82.9,20.6,0.3,19.2,0.0,19.2,0.0,0.0,91.0,13.3,4.4,13.9,4.2,14.1,,,,,,,,,,,0.0,0.0,0.0,0.0,0.0,0.0,0.4,0.0,0.0,0.1,0.1,0.8,70.4,16.0,72.6,15.3
2025-09-04,0.0,0.0,81.5,20.9,0.1,19.3,0.0,19.2,0.0,0.0,91.0,14.3,6.9,14.5,4.5,14.5,,,,,,,,,,,0.0,0.0,0.0,0.0,0.1,0.0,0.4,0.0,0.0,0.1,0.1,0.7,84.5,15.2,83.9,15.1
2025-09-05,0.0,0.0,80.4,21.1,0.2,19.7,0.0,19.6,0.0,0.0,90.1,14.8,11.2,14.9,4.8,14.8,,,,,,,,,,,0.0,0.0,0.0,0.1,0.1,0.1,0.4,0.8,0.0,0.1,0.1,0.8,84.0,15.9,83.8,15.7
2025-09-06,0.0,0.0,81.4,21.8,0.4,20.3,0.0,20.2,0.0,0.0,90.3,15.3,11.3,15.4,4.9,15.3,,,,,,,,,,,0.0,0.0,0.0,0.1,0.1,0.1,0.4,1.4,0.0,0.1,0.2,0.8,86.0,16.1,85.6,15.9
2025-09-07,0.0,0.0,81.8,22.4,0.8,20.7,0.0,20.6,0.0,0.0,90.8,15.8,11.3,15.9,5.2,15.9,,,,,,,,,,,0.0,0.0,0.0,0.1,0.1,0.1,0.4,1.4,0.0,0.1,0.1,0.7,85.2,17.1,85.1,16.8
2025-09-08,0.0,0.0,82.9,23.0,1.1,21.1,0.0,20.9,0.0,0.0,91.0,16.6,11.0,16.7,5.1,16.4,,,,,,,,,,,0.0,0.0,0.0,0.2,0.1,0.1,0.4,1.7,0.1,0.1,0.1,0.8,88.6,16.4,87.9,16.3
2025-09-09,0.0,0.0,82.2,22.2,0.0,19.6,0.0,19.4,0.0,0.0,91.3,16.6,10.9,16.2,4.9,15.4,,,,,,,,,,,0.0,0.0,0.0,0.5,0.1,0.2,0.5,1.9,0.0,0.1,0.2,0.8,88.2,15.2,88.1,14.9
2025-09-10,0.0,0.0,81.5,21.4,0.0,19.4,0.0,19.2,0.0,0.0,90.6,16.4,11.3,16.2,5.3,15.8,,,,,,,,,,,0.0,0.0,0.2,0.8,0.2,0.3,0.7,2.4,0.3,0.3,0.4,1.2,89.5,16.3,89.2,16.1
2025-09-11,0.0,0.0,80.4,20.8,0.0,18.9,0.0,18.6,0.0,0.0,90.5,16.4,10.9,16.1,5.0,15.8,,,,,,,,,,,0.0,0.0,0.1,0.6,0.1,0.2,0.6,2.1,0.1,0.2,0.2,0.9,79.5,17.0,82.3,16.2
2025-09-12,0.0,0.0,79.9,20.6,0.0,19.0,0.0,18.8,0.0,0.0,90.8,16.6,11.1,16.6,5.0,16.3,,,,,,,,,,,0.1,0.0,0.2,0.4,0.2,0.2,0.4,1.3,0.2,0.4,0.4,0.7,69.6,17.1,72.1,16.3
2025-09-13,0.0,0.0,79.6,20.3,0.0,18.5,0.0,18.2,0.0,0.0,90.5,16.9,11.1,16.7,5.1,15.9,,,,,,,,,,,0.0,0.0,0.0,0.0,0.0,0.0,0.0,0.0,0.0,0.0,0.0,0.0,82.0,15.1,81.6,15.0
2025-09-14,0.0,0.0,76.6,18.9,0.0,16.8,0.0,16.5,0.0,0.0,89.8,16.3,10.9,15.7,5.1,14.7,,,,,,,,,,,0.0,0.0,0.0,0.0,0.0,0.0,0.0,0.0,0.0,0.0,0.0,0.0,80.3,13.9,81.5,13.4
2025-09-15,0.0,0.0,72.3,16.7,0.0,14.1,0.0,13.8,0.0,0.0,88.5,15.1,10.9,14.0,4.7,12.4,,,,,,,,,,,0.0,0.0,0.0,0.0,0.0,0.0,0.0,0.0,0.0,0.0,0.0,0.0,89.7,10.6,88.7,10.5
2025-09-16,0.0,0.0,70.2,15.8,0.0,14.5,0.0,14.3,0.0,0.0,87.6,14.1,10.7,13.7,4.9,13.0,,,,,,,,,,,0.0,0.0,0.0,0.0,0.0,0.0,0.0,0.0,0.0,0.0,0.0,0.2,86.8,13.4,86.9,13.1
2025-09-17,0.0,0.0,46.7,15.0,0.0,14.4,0.0,14.3,0.0,0.0,51.0,13.9,6.2,13.7,4.0,13.2,,,,,,,,,,,0.0,0.0,0.0,0.0,0.0,0.0,0.0,0.0,0.0,0.0,0.1,0.2,87.3,13.6,87.6,13.2
2025-09-18,0.0,0.0,12.4,13.0,0.0,13.1,0.0,13.0,0.0,0.0,0.0,12.9,0.0,13.0,2.8,12.8,,,,,,,,,,,0.0,0.0,0.0,0.0,0.0,0.0,0.0,0.0,0.0,0.0,0.1,0.0,82.8,13.3,84.6,12.7
2025-09-19,0.0,0.0,11.7,9.0,0.0,9.1,0.0,9.0,0.0,0.0,0.0,9.2,0.0,9.3,2.4,9.0,,,,,,,,,,,0.0,0.0,0.0,0.0,0.0,0.0,0.0,0.0,0.0,0.0,0.1,0.0,83.8,8.5,85.4,7.9
2025-09-20,0.0,0.0,11.3,7.7,0.0,7.7,0.0,7.6,0.0,0.0,0.0,7.8,0.0,7.8,2.5,7.5,,,,,,,,,,,0.0,0.0,0.0,0.0,0.0,0.0,0.0,0.0,0.0,0.0,0.2,0.0,86.1,7.7,86.6,7.4
2025-09-21,0.0,0.0,11.0,6.6,0.0,6.7,0.0,6.6,0.0,0.0,0.0,6.7,0.0,6.7,2.4,6.5,,,,,,,,,,,0.0,0.0,0.0,0.0,0.0,0.0,0.0,0.0,0.0,0.0,0.1,0.0,85.8,7.0,86.9,6.5
2025-09-22,0.0,0.0,11.1,7.4,0.0,7.5,0.0,7.3,0.0,0.0,0.0,7.4,0.0,7.4,2.4,7.2,,,,,,,,,,,0.0,0.0,0.0,0.0,0.0,0.0,0.0,0.0,0.0,0.0,0.1,0.0,87.5,7.4,87.9,7.2
2025-09-23,0.0,0.0,11.0,6.0,0.0,6.1,0.0,6.0,0.0,0.0,0.0,5.9,0.0,6.0,2.4,5.8,,,,,,,,,,,0.0,0.0,0.0,0.0,0.0,0.0,0.0,0.0,0.0,0.0,0.0,0.0,66.7,6.2,70.3,5.5
2025-09-24,0.0,0.0,10.9,5.6,0.0,5.7,0.0,5.6,0.0,0.0,0.0,5.5,0.0,5.5,2.5,5.4,,,,,,,,,,,0.0,0.0,0.0,0.0,0.0,0.0,0.0,0.0,0.0,0.0,0.0,0.0,62.6,6.1,65.2,5.6
2025-09-25,0.0,0.0,11.0,6.1,0.0,6.2,0.0,6.1,0.0,0.0,0.0,6.1,0.0,6.1,2.5,5.9,,,,,,,,,,,0.0,0.0,0.0,0.0,0.0,0.0,0.0,0.0,0.0,0.0,0.0,0.0,78.0,7.4,78.1,7.2
2025-09-26,0.0,0.0,11.3,9.1,0.0,9.1,0.0,9.1,0.0,0.0,0.0,9.0,0.0,9.1,2.6,8.9,,,,,,,,,,,0.0,0.0,0.0,0.0,0.0,0.0,0.0,0.0,0.0,0.0,0.0,0.0,78.3,9.7,78.4,9.5
2025-09-27,0.0,0.0,11.2,8.1,0.0,8.2,0.0,8.2,0.0,0.0,0.0,8.2,0.0,8.2,2.3,8.0,,,,,,,,,,,0.0,0.0,0.0,0.0,0.0,0.0,0.0,0.0,0.0,0.0,0.0,0.0,81.4,8.5,82.9,7.9
2025-09-28,0.0,0.0,11.1,7.2,0.0,7.2,0.0,7.2,0.0,0.0,0.0,7.2,0.0,7.2,1.6,7.1,,,,,,,,,,,0.0,0.0,0.0,0.0,0.0,0.0,0.0,0.0,0.0,0.0,0.0,0.0,83.9,7.9,84.9,7.5
2025-09-29,0.0,0.0,11.5,10.0,0.0,10.0,0.0,10.0,0.0,0.0,0.0,10.0,0.0,10.0,1.3,9.8,,,,,,,,,,,0.0,0.0,0.0,0.0,0.0,0.0,0.0,0.0,0.0,0.0,0.0,0.0,82.1,10.8,82.7,10.5
2025-09-30,0.0,0.0,11.5,9.9,0.0,10.0,0.0,9.9,0.0,0.0,0.0,9.9,0.0,10.0,1.1,9.8,,,,,,,,,,,0.0,0.0,0.0,0.0,0.0,0.0,0.0,0.0,0.0,0.0,0.0,0.0,83.4,10.0,83.2,9.9
2025-10-01,0.0,0.0,11.4,9.4,0.0,9.4,0.0,9.3,0.0,0.0,0.0,9.4,0.0,9.4,1.2,9.2,,,,,,,,,,,0.0,0.0,0.0,0.0,0.0,0.0,0.0,0.0,0.0,0.0,0.0,0.0,79.1,9.2,79.5,9.0
2025-10-02,0.0,0.0,11.3,8.1,0.0,8.2,0.0,8.0,0.0,0.0,0.0,8.1,0.0,8.2,1.1,7.9,,,,,,,,,,,0.0,0.0,0.0,0.0,0.0,0.0,0.0,0.0,0.0,0.0,0.0,0.0,80.4,8.1,80.5,7.8
2025-10-03,0.0,0.0,11.3,8.3,0.0,8.4,0.0,8.3,0.0,0.0,0.0,8.3,0.0,8.3,1.3,8.1,,,,,,,,,,,0.0,0.0,0.0,0.0,0.0,0.0,0.0,0.0,0.0,0.0,0.0,0.0,81.5,9.0,81.2,8.9
2025-10-04,0.0,0.0,11.2,7.5,0.0,7.6,0.0,7.5,0.0,0.0,0.0,7.5,0.0,7.5,1.0,7.3,,,,,,,,,,,0.0,0.0,0.0,0.0,0.0,0.0,0.0,0.0,0.0,0.0,0.0,0.0,74.2,6.8,74.5,6.6
2025-10-05,0.0,0.0,11.1,6.4,0.0,6.4,0.0,6.4,0.0,0.0,0.0,6.3,0.0,6.4,1.0,6.2,,,,,,,,,,,0.0,0.0,0.0,0.0,0.0,0.0,0.0,0.0,0.0,0.0,0.0,0.0,74.8,6.9,74.9,6.8
2025-10-06,0.0,0.0,11.4,7.9,0.0,7.9,0.0,7.8,0.0,0.0,0.0,7.9,0.0,7.9,0.9,7.6,,,,,,,,,,,0.0,0.0,0.0,0.0,0.0,0.0,0.0,0.0,0.0,0.0,0.0,0.0,86.9,8.3,85.6,8.3
2025-10-07,0.0,0.0,11.6,8.9,0.0,9.0,0.0,8.9,0.0,0.0,0.0,9.0,0.0,9.0,1.0,8.7,,,,,,,,,,,0.0,0.0,0.0,0.0,0.0,0.0,0.0,0.0,0.0,0.0,0.0,0.0,89.4,9.6,88.5,9.5
2025-10-08,0.0,0.0,11.0,9.8,0.0,9.8,0.0,9.7,0.0,0.0,0.0,9.8,0.0,9.8,1.0,9.6,,,,,,,,,,,0.0,0.0,0.0,0.0,0.0,0.0,0.0,0.0,0.0,0.0,0.0,0.0,90.8,10.2,90.0,10.1
2025-10-09,0.0,0.0,10.9,8.4,0.0,8.5,0.0,8.4,0.0,0.0,0.0,8.5,0.0,8.5,0.8,8.3,,,,,,,,,,,0.0,0.0,0.7,0.3,0.3,0.3,0.1,0.6,0.1,0.5,0.7,0.6,86.9,8.1,86.8,7.9
2025-10-10,0.0,0.0,10.9,7.7,0.0,7.7,0.0,7.6,0.0,0.0,0.0,7.7,0.0,7.7,0.6,7.5,,,,,,,,,,,0.0,0.0,0.1,0.0,0.0,0.0,0.0,0.0,0.0,0.0,0.1,0.0,87.7,7.4,87.2,7.2
2025-10-11,0.0,0.0,10.7,6.2,0.0,6.2,0.0,6.1,0.0,0.0,0.0,6.2,0.0,6.2,0.6,6.0,,,,,,,,,,,0.0,0.0,0.0,0.0,0.0,0.0,0.0,0.0,0.0,0.0,0.0,0.0,89.1,5.6,88.5,5.4
2025-10-12,0.0,0.0,10.4,3.2,0.0,3.3,0.0,3.2,0.0,0.0,0.0,3.3,0.0,3.3,0.2,3.0,,,,,,,,,,,0.0,0.0,0.0,0.0,0.0,0.0,0.0,0.0,0.0,0.0,0.0,0.0,83.4,2.9,83.0,2.7
2025-10-13,0.0,0.0,10.5,4.0,0.0,4.0,0.0,3.9,0.0,0.0,0.0,4.0,0.0,4.0,0.5,3.7,,,,,,,,,,,0.0,0.0,0.0,0.0,0.0,0.0,0.0,0.0,0.0,0.0,0.0,0.0,86.0,4.4,85.4,4.3
2025-10-14,0.0,0.0,10.4,4.1,0.0,4.1,0.0,4.0,0.0,0.0,0.0,4.2,0.0,4.2,0.6,3.8,,,,,,,,,,,0.0,0.0,0.0,0.0,0.0,0.0,0.0,0.0,0.0,0.0,0.0,0.0,90.6,4.0,89.5,3.9
2025-10-15,0.0,0.0,10.4,4.1,0.0,4.1,0.0,4.0,0.0,0.0,0.0,4.2,0.0,4.1,0.7,3.9,,,,,,,,,,,0.0,0.0,0.0,0.0,0.0,0.0,0.0,0.0,0.0,0.0,0.0,0.0,89.0,4.7,88.6,4.5
2025-10-16,0.0,0.0,10.7,5.4,0.0,5.5,0.0,5.4,0.0,0.0,0.0,5.4,0.0,5.4,0.7,5.2,,,,,,,,,,,0.0,0.0,0.0,0.0,0.0,0.0,0.0,0.0,0.0,0.0,0.0,0.0,72.9,4.7,73.6,4.5
2025-10-17,0.0,0.0,10.3,1.7,0.0,1.7,0.0,1.6,0.0,0.0,0.0,1.8,0.0,1.8,0.8,1.4,,,,,,,,,,,0.0,0.0,0.0,0.0,0.0,0.0,0.0,0.0,0.0,0.0,0.0,0.0,79.4,0.1,79.0,-0.1
2025-10-18,0.0,0.0,10.2,-0.1,0.0,-0.1,0.0,-0.2,0.0,0.0,0.0,0.1,0.0,0.0,0.8,-0.4,,,,,,,,,,,0.0,0.0,0.0,0.0,0.0,0.0,0.0,0.0,0.0,0.0,0.0,0.0,84.2,0.3,83.5,0.2
2025-10-19,0.0,0.0,10.5,3.9,0.0,4.0,0.0,3.9,0.0,0.0,0.0,4.0,0.0,3.9,0.8,3.7,,,0.0,0.0,,,0.0,0.0,0.0,0.0,0.0,0.0,0.0,0.0,0.0,0.0,0.0,0.0,0.0,0.0,0.0,0.0,84.7,4.5,83.8,4.4
2025-10-20,0.0,0.0,10.3,1.2,0.0,1.2,0.0,1.1,0.0,0.0,0.0,1.4,0.0,1.4,0.6,1.0,,,0.0,0.0,,,0.0,0.0,0.0,0.0,0.0,0.0,0.0,0.0,0.0,0.0,0.0,0.0,0.0,0.0,0.0,0.0,87.4,-0.8,86.5,-1.0
2025-10-21,0.0,0.0,10.2,0.2,0.0,0.3,0.0,0.2,0.0,0.0,0.0,0.2,0.0,0.1,0.1,-0.2,,,0.0,0.0,,,0.0,0.0,0.0,0.0,0.0,0.0,0.0,0.0,0.0,0.0,0.0,0.0,0.0,0.0,0.0,0.0,91.8,1.1,90.4,1.1
2025-10-22,0.0,0.0,10.5,3.3,0.0,3.3,0.0,3.3,0.0,0.0,0.0,3.5,0.0,3.5,0.2,3.2,,,0.0,0.0,,,0.0,0.0,0.0,0.0,0.0,0.0,0.0,0.0,0.0,0.0,0.0,0.0,0.0,0.0,0.0,0.0,87.8,3.8,87.2,3.7
2025-10-23,0.0,0.0,10.7,4.6,0.0,4.7,0.0,4.6,0.0,0.0,0.0,4.6,0.0,4.6,0.3,4.3,,,0.0,0.0,,,0.0,0.0,0.0,0.0,0.0,0.0,0.0,0.0,0.0,0.0,0.0,0.0,0.0,0.0,0.0,0.0,89.6,5.0,88.5,5.0
2025-10-24,0.0,0.0,10.9,5.3,0.0,5.4,0.0,5.3,0.0,0.0,0.0,5.4,0.0,5.4,0.4,5.1,,,0.0,0.0,,,0.0,0.0,0.0,0.0,0.0,0.0,0.0,0.0,0.0,0.0,0.0,0.0,0.0,0.0,0.0,0.0,92.4,5.6,91.2,5.6
2025-10-25,0.0,0.0,10.9,4.4,0.0,4.4,0.0,4.3,0.0,0.0,0.0,4.4,0.0,4.4,0.2,4.2,,,0.0,0.0,,,0.0,0.0,0.0,0.0,0.0,0.0,0.1,0.0,0.0,0.0,0.0,0.0,0.0,0.1,0.2,0.1,88.6,3.3,88.1,3.1
2025-10-26,0.0,0.0,10.7,2.3,0.0,2.4,0.0,2.3,0.0,0.0,0.0,2.4,0.0,2.3,0.1,2.0,,,0.0,0.0,,,0.0,0.0,0.0,0.0,0.0,0.0,0.1,0.0,0.0,0.0,0.0,0.0,0.0,0.0,0.1,0.0,92.0,2.7,90.9,2.6
2025-10-27,0.0,0.0,11.1,5.3,0.0,5.4,0.0,5.3,0.0,0.0,0.0,5.4,0.0,5.3,0.2,5.1,,,0.0,0.0,,,0.0,0.0,0.0,0.0,0.3,0.1,1.3,0.7,0.5,0.8,0.5,0.9,0.5,1.3,1.3,1.1,92.1,6.0,91.4,5.9
2025-10-28,0.0,0.0,11.3,5.6,0.0,5.7,0.0,5.6,0.0,0.0,0.0,5.7,0.0,5.7,0.2,5.4,,,0.0,0.0,,,0.0,0.0,0.0,0.0,0.4,0.3,1.6,1.0,0.9,1.0,0.6,0.8,0.6,2.0,1.5,1.3,91.9,5.5,91.2,5.4
2025-10-29,0.0,0.0,11.2,4.4,0.0,4.5,0.0,4.4,0.0,0.0,0.0,4.5,0.0,4.5,0.1,4.2,,,0.0,0.0,,,0.0,0.0,0.0,0.0,0.2,0.2,1.4,0.9,0.7,0.7,0.5,0.1,0.5,2.3,1.2,1.2,92.8,4.1,92.0,4.0
2025-10-30,0.3,19.0,11.6,10.6,1.1,11.7,0.0,13.2,0.5,23.2,0.0,7.5,0.1,8.8,0.7,9.5,,,0.0,0.0,,,0.0,0.0,0.0,0.0,0.3,0.3,1.6,1.1,1.0,0.9,0.8,0.1,0.6,2.7,1.4,1.4,93.1,3.8,92.1,3.8
2025-10-31,0.5,32.5,13.0,27.7,3.5,30.7,0.0,33.3,1.0,43.6,0.0,14.3,0.1,17.3,0.7,19.1,,,0.0,0.0,,,0.0,0.0,0.0,0.0,0.2,0.2,1.4,0.8,0.7,0.7,0.6,0.1,0.5,2.1,1.1,1.2,92.9,2.9,91.1,3.2
2025-11-01,0.5,31.2,9.8,28.0,2.5,31.2,0.0,33.7,1.0,43.2,0.0,14.1,0.0,17.1,0.0,19.1,,,0.0,0.0,,,0.0,0.0,0.0,0.0,0.0,0.0,0.8,0.3,0.2,0.2,0.2,0.0,0.2,0.8,0.4,0.8,93.0,2.2,91.0,2.5
2025-11-02,0.5,33.9,6.0,27.3,2.3,30.7,0.0,33.2,1.0,43.1,0.0,13.7,0.2,16.9,0.0,18.9,,,0.0,0.0,,,0.0,0.0,0.0,0.0,0.0,0.0,0.9,0.3,0.2,0.3,0.2,0.0,0.2,0.9,0.5,0.8,92.9,2.1,90.9,2.3
2025-11-03,0.5,29.9,3.8,29.0,2.5,32.4,0.0,34.7,1.0,42.0,0.0,15.2,1.0,17.9,0.1,19.9,,,0.0,0.0,,,0.0,0.0,0.0,0.0,0.0,0.0,1.0,0.4,0.3,0.3,0.3,0.0,0.3,0.9,0.6,0.9,94.4,4.6,92.0,5.0
2025-11-04,0.5,27.8,2.8,29.5,2.5,33.1,0.0,35.3,1.0,41.3,0.0,15.5,1.6,18.2,0.2,20.1,,,0.0,0.0,,,0.0,0.0,0.0,0.0,0.0,0.0,0.9,0.3,0.3,0.3,0.2,0.0,0.2,0.8,0.5,0.8,91.9,5.2,89.7,5.4
2025-11-05,0.4,26.7,2.9,30.0,2.5,33.8,0.0,35.9,1.0,40.9,0.0,16.0,2.0,18.6,0.1,20.4,,,0.0,0.0,,,0.0,0.0,0.0,0.0,0.0,0.0,0.8,0.3,0.2,0.3,0.2,0.0,0.2,0.8,0.4,0.7,92.9,6.1,90.8,6.3
2025-11-06,0.5,29.9,2.6,29.0,2.4,32.9,0.0,35.1,1.0,41.2,0.0,14.9,2.6,17.8,0.1,19.8,,,0.0,0.0,,,0.0,0.0,0.0,0.0,0.0,0.0,0.8,0.3,0.2,0.2,0.2,0.0,0.2,0.8,0.4,0.7,93.1,3.3,90.9,3.5
2025-11-07,0.5,35.8,0.6,26.2,0.6,30.2,0.0,32.6,1.0,42.4,0.0,12.5,2.1,16.1,0.0,18.3,,,0.0,0.0,,,0.0,0.0,0.0,0.0,0.0,0.0,0.8,0.3,0.2,0.3,0.2,0.0,0.2,0.8,0.5,0.7,93.8,-1.0,91.4,-0.7
2025-11-08,0.6,33.8,0.0,25.0,0.0,29.1,0.0,31.6,1.0,43.0,0.0,11.4,2.4,15.3,0.0,17.6,,,0.0,0.0,,,0.0,0.0,0.0,0.0,0.0,0.0,0.8,0.4,0.3,0.3,0.3,0.0,0.2,0.9,0.5,0.8,94.0,-2.7,91.5,-2.3
2025-11-09,0.6,35.4,0.0,25.8,0.4,30.0,0.0,32.4,1.0,42.5,0.0,12.0,2.4,15.9,0.0,18.1,,,0.0,0.0,,,0.0,0.0,0.0,0.0,0.0,0.0,0.8,0.4,0.3,0.3,0.3,0.0,0.2,0.9,0.5,0.8,90.8,-1.9,88.7,-1.7
2025-11-10,0.6,37.5,0.0,24.0,0.0,28.4,0.0,30.9,1.0,43.1,0.0,10.5,2.7,14.8,0.0,17.2,,,0.0,0.0,,,0.0,0.0,0.0,0.0,0.0,0.0,0.8,0.2,0.1,0.2,0.1,0.0,0.1,1.1,0.5,0.7,89.4,-5.0,87.1,-4.7
2025-11-11,0.7,42.2,0.0,21.5,0.0,25.9,0.0,28.6,1.1,44.3,0.0,8.3,2.6,13.4,0.0,15.9,,,0.0,0.0,,,0.0,0.0,0.0,0.0,0.0,0.0,0.5,0.0,0.0,0.0,0.0,0.0,0.0,0.8,0.2,0.4,89.9,-8.7,87.6,-8.4
2025-11-12,0.6,36.3,0.0,25.4,0.1,29.6,0.0,32.0,1.0,42.5,0.0,11.6,3.1,15.8,0.0,17.9,,,0.0,0.0,,,0.0,0.0,0.0,0.0,0.0,0.0,0.2,0.0,0.0,0.0,0.0,0.0,0.0,0.2,0.1,0.2,94.0,-1.4,91.2,-1.0
2025-11-13,0.5,33.5,0.0,27.5,0.4,31.5,0.0,33.9,1.0,41.3,0.0,12.7,2.9,16.6,0.0,18.6,,,0.0,0.0,,,0.0,0.0,0.0,0.0,0.0,0.0,0.0,0.0,0.0,0.0,0.0,0.0,0.0,0.0,0.0,0.0,93.4,-0.4,90.8,-0.1
2025-11-14,0.6,38.5,0.0,24.8,0.0,29.0,0.0,31.5,1.0,42.5,0.0,10.3,2.8,15.0,0.0,17.2,,,0.0,0.0,,,0.0,0.0,0.0,0.0,0.0,0.0,0.1,0.0,0.0,0.0,0.0,0.0,0.0,0.0,0.0,0.0,87.5,-5.1,85.9,-5.0
2025-11-15,0.7,41.4,0.0,22.0,0.0,26.3,0.0,28.9,1.0,43.8,0.0,8.3,2.3,13.5,0.0,16.0,,,0.0,0.0,,,0.0,0.0,0.0,0.0,0.0,0.0,0.2,0.0,0.0,0.0,0.0,0.0,0.0,0.0,0.0,0.0,89.6,-8.7,87.2,-8.3
2025-11-16,0.7,42.5,0.0,21.1,0.0,25.4,0.0,28.1,1.1,44.1,0.0,7.4,2.4,12.9,0.0,15.4,,,0.0,0.0,,,0.0,0.0,0.0,0.0,0.0,0.0,0.2,0.0,0.0,0.0,0.0,0.0,0.0,0.0,0.0,0.0,87.1,-12.0,85.1,-11.8
2025-11-17,0.7,43.1,0.0,16.3,0.0,20.9,0.0,23.8,1.1,46.4,0.0,6.3,1.9,11.7,0.0,14.0,,,0.0,0.0,,,0.0,0.0,0.0,0.0,0.0,0.0,0.1,0.0,0.0,0.0,0.0,0.0,0.0,0.0,0.0,0.0,85.5,-16.6,83.9,-16.4
2025-11-18,0.7,40.6,0.0,20.1,0.0,24.5,0.0,27.2,1.1,44.7,0.0,9.4,2.4,13.7,0.0,15.8,,,0.0,0.0,,,0.0,0.0,0.0,0.0,0.0,0.0,0.1,0.0,0.0,0.0,0.0,0.0,0.0,0.0,0.0,0.0,88.2,-11.2,85.8,-10.7
2025-11-19,0.7,41.2,0.0,18.2,0.0,22.7,0.0,25.5,1.1,45.4,0.0,8.3,2.4,12.8,0.0,15.1,,,0.0,0.0,,,0.0,0.0,0.0,0.0,0.0,0.0,0.0,0.0,0.0,0.0,0.0,0.0,0.0,0.0,0.0,0.0,84.8,-15.8,82.6,-15.6
2025-11-20,0.8,45.2,0.0,14.8,0.0,19.5,0.0,22.4,1.1,47.1,0.0,6.2,2.0,11.3,0.0,13.8,,,0.0,0.0,,,0.0,0.0,0.0,0.0,0.0,0.0,0.0,0.0,0.0,0.0,0.0,0.0,0.0,0.0,0.0,0.0,83.1,-19.0,81.8,-18.8
2025-11-21,0.8,44.4,0.0,15.1,0.0,19.8,0.0,22.8,1.1,46.9,0.0,6.4,2.0,11.6,0.0,14.0,,,0.0,0.0,,,0.0,0.0,0.0,0.0,0.0,0.0,0.0,0.0,0.0,0.0,0.0,0.0,0.0,0.0,0.0,0.0,82.6,-18.5,80.8,-18.3
2025-11-22,0.7,44.0,0.0,15.5,0.0,20.2,0.0,23.1,1.1,46.8,0.0,6.8,1.9,11.8,0.0,14.2,,,0.0,0.0,,,0.0,0.0,0.0,0.0,0.0,0.0,0.0,0.0,0.0,0.0,0.0,0.0,0.0,0.0,0.0,0.0,85.8,-15.7,84.2,-15.4
2025-11-23,0.6,38.4,0.0,21.7,0.0,25.9,0.0,28.5,1.0,44.0,0.0,10.2,2.8,14.4,0.0,16.4,,,0.0,0.0,,,0.0,0.0,0.0,0.0,0.0,0.0,0.0,0.0,0.0,0.0,0.0,0.0,0.0,0.0,0.0,0.0,88.4,-9.8,84.9,-9.5
2025-11-24,0.6,36.6,0.0,20.0,0.0,24.1,0.0,26.5,0.9,44.3,0.0,9.8,2.7,13.9,0.0,16.3,,,0.0,0.0,,,0.0,0.0,0.0,0.0,0.0,0.0,0.0,0.0,0.0,0.0,0.0,0.0,0.0,0.0,0.0,0.0,89.3,-8.6,86.3,-8.3
2025-11-25,0.7,44.8,0.0,17.1,0.0,21.5,0.0,23.8,1.1,45.2,0.0,7.3,2.3,12.0,0.0,14.7,,,0.0,0.0,,,0.0,0.0,0.0,0.0,0.0,0.0,0.1,0.7,0.0,0.0,0.0,0.0,0.0,0.0,0.0,0.1,82.6,-17.8,80.5,-17.4
2025-11-26,0.7,39.5,0.0,18.3,0.0,22.6,0.0,24.9,1.1,45.0,0.0,8.1,2.3,12.7,0.0,15.4,,,86.2,15.4,,,49.6,17.2,49.0,24.3,0.0,0.0,0.0,0.2,0.0,0.0,0.0,0.0,0.0,0.0,0.0,0.0,88.2,-12.0,86.0,-11.5
2025-11-27,0.6,36.6,0.0,25.0,0.0,28.9,0.0,30.9,1.0,41.7,0.0,11.7,2.7,15.8,0.0,17.8,,,86.7,15.5,,,54.4,17.0,50.4,24.2,0.0,0.0,0.0,0.0,0.0,0.0,0.0,0.0,0.0,0.0,0.0,0.0,92.9,-3.0,89.8,-2.7
2025-11-28,0.5,31.3,0.0,27.8,0.0,31.4,0.0,33.2,1.0,40.3,0.0,12.9,3.0,16.9,0.0,18.9,,,89.5,15.4,,,56.7,17.0,51.3,23.8,0.0,0.0,0.0,0.0,0.0,0.0,0.0,0.0,0.0,0.0,0.0,0.0,93.8,0.3,91.1,0.6
2025-11-29,0.5,30.9,0.0,29.6,0.0,33.2,0.0,35.0,0.9,39.4,0.0,14.2,3.4,17.8,0.0,19.7,,,89.3,15.3,,,62.9,16.8,52.5,22.8,0.0,0.0,0.0,0.0,0.0,0.0,0.0,0.0,0.0,0.0,0.0,0.0,93.8,2.8,91.5,3.0
2025-11-30,0.5,33.8,0.0,27.8,0.0,31.6,0.0,33.4,1.0,40.2,0.0,12.4,2.8,16.7,0.0,18.8,,,90.1,15.4,,,64.5,16.8,53.3,22.3,0.0,0.0,0.0,0.0,0.0,0.0,0.0,0.0,0.0,0.0,0.0,0.0,89.3,-1.7,87.5,-1.5
2025-12-01,0.6,39.9,0.0,24.7,0.0,28.6,0.0,30.6,1.0,41.6,0.0,10.3,2.6,15.3,0.0,17.5,,,73.4,16.3,,,56.5,18.1,51.0,23.8,0.0,0.0,0.0,0.0,0.0,0.0,0.0,0.0,0.0,0.0,0.0,0.0,91.2,-4.8,89.0,-4.5
2025-12-02,0.7,42.3,0.0,21.0,0.0,25.2,0.0,27.3,1.0,43.4,0.0,7.5,2.0,13.3,0.0,15.7,,,60.1,17.7,,,49.3,19.5,45.0,24.8,0.0,0.0,0.0,0.0,0.0,0.0,0.0,0.0,0.0,0.0,0.0,0.0,88.3,-10.3,86.3,-10.1
2025-12-03,0.5,31.5,0.0,27.8,0.0,31.5,0.0,33.4,1.0,40.4,0.0,13.1,2.7,17.1,0.0,19.1,,,69.0,17.0,,,57.4,18.8,48.6,24.7,0.0,0.0,0.0,0.0,0.0,0.0,0.0,0.0,0.0,0.0,0.0,0.0,94.9,1.0,92.1,1.3
2025-12-04,0.5,31.8,0.0,28.8,0.0,32.5,0.0,34.3,0.9,39.9,0.0,13.5,2.8,17.4,0.0,19.4,,,67.9,17.2,,,57.3,18.9,48.1,25.5,0.0,0.0,0.0,0.0,0.0,0.0,0.0,0.0,0.0,0.0,0.0,0.0,94.8,1.0,92.0,1.3
2025-12-05,0.5,33.8,0.0,27.3,0.0,31.0,0.0,32.9,1.0,40.5,0.0,12.3,2.7,16.7,0.0,18.6,,,63.7,17.3,,,54.1,18.9,44.5,26.2,0.0,0.0,0.0,0.0,0.0,0.0,0.0,0.0,0.0,0.0,0.0,0.0,93.4,-1.6,91.0,-1.4
2025-12-06,0.5,34.3,0.0,27.1,0.0,30.8,0.0,32.8,1.0,40.7,0.0,12.3,2.6,16.7,0.0,18.6,,,73.7,17.1,,,61.5,18.9,46.2,26.2,0.0,0.0,0.0,0.0,0.0,0.0,0.0,0.0,0.0,0.0,0.0,0.0,94.0,-1.4,91.5,-1.1
2025-12-07,0.6,36.8,0.0,25.7,0.0,29.6,0.0,31.5,1.0,41.3,0.0,11.2,2.7,15.9,0.0,18.0,,,72.8,16.9,,,61.4,18.8,46.4,26.1,0.0,0.0,0.0,0.0,0.0,0.0,0.0,0.0,0.0,0.0,0.0,0.0,90.2,-3.8,88.4,-3.5
2025-12-08,0.6,36.6,0.0,24.9,0.0,28.8,0.0,30.8,1.0,41.6,0.0,10.7,2.6,15.6,0.0,17.7,,,60.6,17.3,,,52.0,19.0,45.4,25.4,0.0,0.0,0.0,0.0,0.0,0.0,0.0,0.0,0.0,0.0,0.0,0.0,90.9,-4.7,88.6,-4.3
2025-12-09,0.6,37.6,0.0,24.8,0.0,28.6,0.0,30.6,1.0,41.6,0.0,10.6,2.4,15.5,0.0,17.6,,,59.7,17.3,,,51.3,19.0,46.6,24.9,0.0,0.0,0.0,0.0,0.0,0.0,0.0,0.0,0.0,0.0,0.0,0.0,91.4,-4.9,88.9,-4.6
2025-12-10,0.6,35.8,0.0,25.6,0.0,29.4,0.0,31.3,1.0,41.2,0.0,11.4,2.3,15.9,0.0,18.0,,,61.0,17.4,,,52.4,19.1,47.6,24.9,0.0,0.0,0.0,0.0,0.0,0.0,0.0,0.0,0.0,0.0,0.0,0.0,92.3,-3.4,89.7,-3.1
2025-12-11,0.6,39.6,0.0,23.9,0.0,27.9,0.0,29.9,1.0,41.8,0.0,10.1,2.3,15.1,0.0,17.3,,,58.7,17.5,,,50.9,19.0,47.1,24.9,0.0,0.0,0.0,0.0,0.0,0.0,0.0,0.0,0.0,0.0,0.0,0.0,88.3,-6.7,86.3,-6.4
2025-12-12,0.8,46.8,0.0,20.3,0.0,24.6,0.0,26.6,1.1,45.3,0.0,4.6,1.1,11.1,0.0,13.8,,,46.5,18.4,,,41.8,19.9,41.7,25.1,0.0,0.0,0.0,0.0,0.0,0.0,0.0,0.0,0.0,0.0,0.0,0.0,83.5,-18.0,82.2,-17.6
2025-12-13,0.9,52.8,0.0,0.0,0.0,0.0,0.0,0.0,1.1,47.8,0.0,1.3,0.2,8.6,0.0,11.8,,,52.2,19.9,,,42.3,22.2,38.4,25.6,0.0,0.0,0.0,0.0,0.0,0.0,0.0,0.0,0.0,0.0,0.0,0.0,81.0,-22.3,80.1,-21.9
2025-12-14,0.7,42.9,0.0,0.0,0.0,0.0,0.0,0.0,1.0,44.0,0.0,8.1,1.9,13.8,0.0,16.0,,,67.8,19.9,,,54.1,22.4,46.5,25.5,0.0,0.0,0.0,0.0,0.0,0.0,0.0,0.0,0.0,0.0,0.0,0.0,89.1,-8.7,86.7,-8.5
2025-12-15,0.6,37.9,0.0,24.6,0.0,28.6,0.0,30.5,1.0,41.9,0.0,10.8,2.7,15.5,0.0,17.6,,,56.6,20.2,,,47.2,22.2,44.4,25.4,0.0,0.0,0.0,0.0,0.0,0.0,0.0,0.0,0.0,0.0,0.0,0.0,91.4,-4.5,88.8,-4.1
2025-12-16,0.6,35.7,0.0,23.9,0.0,27.7,0.0,29.7,1.0,41.5,0.0,11.1,2.3,15.7,0.0,17.9,,,54.5,20.7,,,45.8,22.4,43.6,25.5,0.0,0.0,0.0,0.0,0.0,0.0,0.0,0.0,0.0,0.0,0.0,0.0,92.5,-4.8,89.3,-4.3
2025-12-17,0.5,33.0,0.0,26.5,0.0,30.2,0.0,32.0,1.0,40.9,0.0,12.6,2.6,16.5,0.0,18.8,,,55.8,20.9,,,47.0,22.5,44.3,25.6,0.0,0.0,0.0,0.0,0.0,0.0,0.0,0.0,0.0,0.0,0.0,0.0,95.5,-1.2,92.0,-0.7
2025-12-18,0.5,33.1,0.0,26.7,0.0,30.4,0.0,32.2,1.0,40.7,0.0,12.6,2.5,16.7,0.0,18.8,,,54.2,20.9,,,45.8,22.5,44.0,25.5,0.0,0.0,0.0,0.0,0.0,0.0,0.0,0.0,0.0,0.0,0.0,0.0,94.2,-1.7,90.9,-1.3
2025-12-19,0.5,33.0,0.0,27.9,0.0,31.4,0.0,33.2,1.0,40.2,0.0,13.7,2.4,17.4,0.0,19.4,,,55.3,21.3,,,46.5,23.0,44.2,25.8,0.0,0.0,0.0,0.0,0.0,0.0,0.0,0.0,0.0,0.0,0.0,0.0,95.0,0.5,92.1,0.8
2025-12-20,0.5,30.6,0.0,28.5,0.0,32.1,0.0,33.9,0.9,39.8,0.0,14.1,2.5,17.7,0.0,19.7,,,66.8,21.9,,,54.9,23.7,48.4,26.5,0.0,0.0,0.0,0.0,0.0,0.0,0.0,0.0,0.0,0.0,0.0,0.0,94.8,1.0,92.0,1.3
2025-12-21,0.6,35.0,0.0,25.7,0.0,29.4,0.0,31.2,1.0,41.1,0.0,12.0,2.4,16.3,0.0,18.3,,,66.8,22.0,,,54.9,23.9,49.1,26.6,0.0,0.0,0.0,0.0,0.0,0.0,0.0,0.0,0.0,0.0,0.0,0.0,92.6,-3.7,89.9,-3.4
2025-12-22,0.7,43.3,0.0,19.8,0.0,24.0,0.0,26.0,1.0,43.6,0.0,7.4,1.2,13.2,0.0,15.6,,,50.1,19.8,,,42.8,22.0,42.5,25.8,0.0,0.0,0.0,0.0,0.0,0.0,0.0,0.0,0.0,0.0,0.0,0.0,86.0,-13.5,84.6,-13.0
2025-12-23,0.8,45.3,0.0,17.6,0.0,21.8,0.0,24.0,1.1,45.0,0.0,6.6,0.9,12.6,0.0,15.0,,,53.1,17.2,,,45.4,20.3,43.2,25.3,0.0,0.0,0.0,0.0,0.0,0.0,0.0,0.0,0.0,0.0,0.0,0.0,87.6,-13.1,85.2,-12.6
2025-12-24,0.8,41.0,0.0,17.7,0.0,21.9,0.0,24.0,1.1,44.8,0.0,6.3,1.0,12.5,0.0,14.9,,,51.4,17.4,,,44.4,19.2,43.0,24.5,0.0,0.0,0.0,0.0,0.0,0.0,0.0,0.0,0.0,0.0,0.0,0.0,86.7,-14.1,84.3,-13.4
2025-12-25,0.6,34.9,0.0,24.2,0.0,28.0,0.0,29.9,1.0,42.0,0.0,11.5,2.0,15.9,0.0,18.0,,,68.9,17.0,,,57.3,19.0,48.7,24.6,0.0,0.0,0.0,0.0,0.0,0.0,0.0,0.0,0.0,0.0,0.0,0.0,91.1,-3.0,88.2,-2.6
2025-12-26,0.6,37.5,0.0,24.7,0.0,28.5,0.0,30.4,1.0,41.5,0.0,11.2,1.9,15.8,0.0,17.9,,,72.0,17.0,,,59.9,18.9,49.8,24.6,0.0,0.0,0.0,0.0,0.0,0.0,0.0,0.0,0.0,0.0,0.0,0.0,89.2,-5.7,86.2,-5.2
2025-12-27,0.5,35.4,0.0,25.6,0.0,29.2,0.0,31.1,1.0,41.1,0.0,12.3,2.4,16.6,0.0,18.5,,,73.4,16.9,,,60.9,18.9,50.4,24.6,0.0,0.0,0.0,0.0,0.0,0.0,0.0,0.0,0.0,0.0,0.0,0.0,91.5,-1.3,88.9,-1.1
2025-12-28,0.6,38.4,0.0,23.8,0.0,27.6,0.0,29.5,1.0,41.8,0.0,10.8,2.0,15.5,0.0,17.6,,,73.3,17.0,,,61.0,18.9,50.8,24.6,0.0,0.0,0.0,0.0,0.0,0.0,0.0,0.0,0.0,0.0,0.0,0.0,87.0,-5.5,84.8,-5.1
2025-12-29,0.6,37.7,0.0,22.7,0.0,26.7,0.0,28.6,1.0,42.3,0.0,10.0,1.6,15.0,0.0,17.1,,,58.4,17.0,,,50.1,18.9,46.3,24.5,0.0,0.0,0.0,0.0,0.0,0.0,0.0,0.0,0.0,0.0,0.0,0.0,87.1,-6.8,84.8,-6.6
2025-12-30,0.7,44.7,0.0,19.0,0.0,23.2,0.0,25.2,1.0,43.8,0.0,7.1,0.9,12.9,0.0,15.3,,,52.9,17.2,,,45.7,19.0,43.4,24.5,0.0,0.0,0.0,0.0,0.0,0.0,0.0,0.0,0.0,0.0,0.0,0.0,82.7,-13.8,80.9,-13.4
2025-12-31,0.9,54.0,0.0,10.5,0.0,15.3,0.0,17.6,1.1,48.0,0.0,1.0,0.0,8.4,0.0,11.5,,,47.8,17.2,,,41.4,19.2,40.2,24.6,0.0,0.0,0.0,0.0,0.0,0.0,0.0,0.0,0.0,0.0,0.0,0.0,79.1,-24.5,77.8,-23.7
2026-01-01,0.9,52.5,0.0,11.3,0.0,16.1,0.0,18.4,1.1,47.9,0.0,1.9,0.1,9.1,0.0,12.1,,,56.1,16.8,,,47.7,19.1,43.0,24.6,0.0,0.0,0.0,0.0,0.0,0.0,0.0,0.0,0.0,0.0,0.0,0.0,81.1,-21.8,79.0,-21.1
2026-01-02,0.9,50.1,0.0,13.6,0.0,18.2,0.0,20.5,1.1,46.5,0.0,3.2,0.3,10.1,0.0,12.9,,,45.2,17.1,,,39.2,19.2,37.5,24.8,0.0,0.0,0.0,0.0,0.0,0.0,0.0,0.0,0.0,0.0,0.0,0.0,81.0,-20.7,78.6,-20.0
2026-01-03,1.0,60.0,0.0,6.5,0.0,11.7,0.0,14.2,1.2,49.9,0.0,-2.0,0.0,6.1,0.0,9.7,,,55.0,16.8,,,48.9,19.3,45.0,24.9,0.0,0.0,0.0,0.0,0.0,0.0,0.0,0.0,0.0,0.0,0.0,0.0,75.3,-29.6,74.0,-29.0
2026-01-04,1.0,56.7,0.0,7.7,0.0,12.8,0.0,15.3,1.2,49.6,0.0,-0.8,0.0,7.1,0.0,10.5,,,56.4,16.5,,,50.0,19.2,46.4,24.6,0.0,0.0,0.0,0.0,0.0,0.0,0.0,0.0,0.0,0.0,0.0,0.0,77.4,-26.4,75.8,-25.7
2026-01-05,0.9,52.4,0.0,12.1,0.0,16.8,0.0,19.1,1.1,47.4,0.0,2.3,0.0,9.6,0.0,12.4,,,47.4,16.8,,,41.8,19.1,41.5,24.5,0.0,0.0,0.0,0.0,0.0,0.0,0.0,0.0,0.0,0.0,0.0,0.0,80.7,-20.9,78.0,-20.3
2026-01-06,0.9,54.8,0.0,9.6,0.0,14.5,0.0,16.9,1.2,48.6,0.0,0.4,0.0,8.0,0.0,11.2,,,53.8,16.6,,,47.0,19.1,43.6,24.5,0.0,0.0,0.0,0.0,0.0,0.0,0.0,0.0,0.0,0.0,0.0,0.0,77.4,-25.4,75.8,-24.4
2026-01-07,1.0,59.3,0.0,7.6,0.0,12.8,0.0,15.2,1.2,49.4,0.0,-1.1,0.0,6.8,0.0,10.3,,,45.9,16.8,,,41.2,19.1,41.3,24.4,0.0,0.0,0.0,0.0,0.0,0.0,0.0,0.0,0.0,0.0,0.0,0.0,75.7,-27.9,74.3,-27.3
2026-01-08,1.1,59.9,0.0,4.9,0.0,10.3,0.0,12.9,1.2,50.9,0.0,-3.1,0.0,5.3,0.0,9.1,,,42.8,16.5,,,39.3,19.3,40.7,24.6,0.0,0.0,0.0,0.0,0.0,0.0,0.0,0.0,0.0,0.0,0.0,0.0,73.9,-30.8,72.8,-30.3
2026-01-09,1.1,59.3,0.0,4.1,0.0,9.6,0.0,12.2,1.2,51.3,0.0,-3.7,0.0,4.9,0.0,8.8,,,45.7,16.4,,,42.5,19.5,47.2,24.9,0.0,0.0,0.0,0.0,0.0,0.0,0.0,0.0,0.0,0.0,0.0,0.0,73.0,-31.8,72.2,-31.2
2026-01-10,1.1,60.6,0.0,3.7,0.0,9.1,0.0,11.8,1.2,51.5,0.0,-3.9,0.0,4.8,0.0,8.6,,,51.0,15.8,,,45.9,19.0,48.4,24.9,0.0,0.0,0.0,0.0,0.0,0.0,0.0,0.0,0.0,0.0,0.0,0.0,72.7,-32.2,71.7,-31.5
2026-01-11,1.1,58.0,0.0,5.3,0.0,10.7,0.0,13.2,1.2,50.9,0.0,-2.6,0.0,5.8,0.0,9.4,,,52.1,15.7,,,47.0,18.8,49.2,24.8,0.0,0.0,0.0,0.0,0.0,0.0,0.0,0.0,0.0,0.0,0.0,0.0,74.2,-30.1,72.9,-29.5
2026-01-12,1.0,57.2,0.0,6.6,0.0,11.9,0.0,14.4,1.2,50.2,0.0,-1.4,0.0,6.7,0.0,10.1,,,45.8,16.1,,,42.7,18.9,47.8,24.8,0.0,0.0,0.0,0.0,0.0,0.0,0.0,0.0,0.0,0.0,0.0,0.0,77.3,-26.3,75.6,-25.9
2026-01-13,0.8,46.4,0.0,16.8,0.0,21.2,0.0,23.5,1.1,45.7,0.0,6.1,0.6,12.5,0.0,14.8,,,48.6,16.9,,,42.3,19.2,45.4,25.1,0.0,0.0,0.0,0.0,0.0,0.0,0.0,0.0,0.0,0.0,0.0,0.0,86.3,-13.8,82.7,-13.2
2026-01-14,0.8,46.4,0.0,17.7,0.0,22.0,0.0,24.2,1.1,45.1,0.0,6.2,0.4,12.6,0.0,14.9,,,46.6,17.1,,,41.7,19.1,44.6,25.2,0.0,0.0,0.0,0.0,0.0,0.0,0.0,0.0,0.0,0.0,0.0,0.0,86.3,-13.9,82.4,-13.4
2026-01-15,0.7,40.1,0.0,20.7,0.0,24.9,0.0,27.0,1.0,43.8,0.0,8.8,1.1,14.4,0.0,16.4,,,50.1,17.1,,,44.4,18.9,45.0,25.2,0.0,0.0,0.0,0.0,0.0,0.0,0.0,0.0,0.0,0.0,0.0,0.0,89.4,-8.7,85.5,-8.2
2026-01-16,0.6,37.0,0.0,23.3,0.0,27.2,0.0,29.2,1.0,42.4,0.0,10.7,1.5,15.6,0.0,17.6,,,52.7,17.1,,,45.9,18.8,46.3,25.3,0.0,0.0,0.0,0.0,0.0,0.0,0.0,0.0,0.0,0.0,0.0,0.0,91.5,-5.0,87.8,-4.6
2026-01-17,0.5,32.4,0.0,26.9,0.0,30.5,0.0,32.4,1.0,40.7,0.0,13.2,1.9,17.3,0.0,19.2,,,64.9,16.8,,,54.8,18.6,48.2,25.4,0.0,0.0,0.0,0.0,0.0,0.0,0.0,0.0,0.0,0.0,0.0,0.0,93.4,-0.4,90.1,-0.1
2026-01-18,0.6,38.3,0.0,23.9,0.0,27.8,0.0,29.7,1.0,41.9,0.0,10.6,1.6,15.6,0.0,17.5,,,63.3,16.9,,,54.7,18.7,49.0,25.3,0.0,0.0,0.0,0.0,0.0,0.0,0.0,0.0,0.0,0.0,0.0,0.0,90.6,-7.1,87.5,-6.7
2026-01-19,0.7,41.2,0.0,20.0,0.0,24.1,0.0,26.1,1.0,43.7,0.0,8.1,0.7,13.6,0.0,15.9,,,50.8,17.1,,,44.6,18.9,45.0,24.8,0.0,0.0,0.0,0.0,0.0,0.0,0.0,0.0,0.0,0.0,0.0,0.0,89.9,-10.9,87.6,-10.4
2026-01-20,0.7,42.2,0.0,18.9,0.0,23.0,0.0,25.1,1.0,44.1,0.0,7.2,0.7,12.7,0.0,15.4,,,48.9,17.2,,,42.9,19.0,43.0,24.3,0.0,0.0,0.0,0.0,0.0,0.0,0.0,0.0,0.0,0.0,0.0,0.0,87.6,-13.0,85.6,-12.6
2026-01-21,0.7,43.0,0.0,19.0,0.0,23.1,0.0,25.2,1.1,44.2,0.0,7.5,0.8,12.9,0.0,15.6,,,50.0,17.2,,,43.8,19.1,44.4,24.2,0.0,0.0,0.0,0.0,0.0,0.0,0.0,0.0,0.0,0.0,0.0,0.0,88.8,-11.5,86.8,-11.0
2026-01-22,0.7,43.1,0.0,19.0,0.0,23.2,0.0,25.3,1.0,44.1,0.0,7.3,0.8,12.6,0.0,15.4,,,59.8,17.1,,,50.9,19.1,47.5,24.3,0.0,0.0,0.0,0.0,0.0,0.0,0.0,0.0,0.0,0.0,0.0,0.0,87.3,-13.1,85.5,-12.5
2026-01-23,0.8,46.8,0.0,14.1,0.0,18.6,0.0,20.8,1.1,46.4,0.0,3.8,0.1,10.1,0.0,13.1,,,0.0,0.0,,,0.0,0.0,0.0,0.0,0.0,0.0,0.0,0.0,0.0,0.0,0.0,0.0,0.0,0.0,0.0,0.0,83.1,-19.7,81.9,-19.1
2026-01-24,0.9,50.3,0.0,13.1,0.0,17.6,0.0,19.9,1.1,46.9,0.0,3.2,0.0,9.8,0.0,12.8,,,53.6,16.6,,,47.4,18.6,44.5,24.2,0.0,0.0,0.0,0.0,0.0,0.0,0.0,0.0,0.0,0.0,0.0,0.0,82.3,-20.5,80.8,-19.9
2026-01-25,0.8,45.4,0.0,16.1,0.0,20.4,0.0,22.6,1.1,45.6,0.0,5.6,0.4,11.8,0.0,14.3,,,59.5,16.4,,,51.6,18.8,47.9,24.0,0.0,0.0,0.0,0.0,0.0,0.0,0.0,0.0,0.0,0.0,0.0,0.0,86.3,-14.8,83.7,-14.2
2026-01-26,0.8,46.2,0.0,17.9,0.0,22.1,0.0,24.3,1.1,44.6,0.0,6.5,0.6,12.7,0.0,14.9,,,49.9,16.8,,,44.2,18.7,44.9,23.8,0.0,0.0,0.0,0.0,0.0,0.0,0.0,0.0,0.0,0.0,0.0,0.0,86.1,-14.4,83.1,-13.9
2026-01-27,0.8,47.9,0.0,16.1,0.0,20.4,0.0,22.6,1.1,45.4,0.0,5.3,0.3,11.8,0.0,14.1,,,46.8,18.2,,,40.6,20.2,42.4,24.0,0.0,0.0,0.0,0.0,0.0,0.0,0.0,0.0,0.0,0.0,0.0,0.0,85.4,-16.1,82.8,-15.5
2026-01-28,0.8,47.3,0.0,15.4,0.0,19.8,0.0,22.0,1.1,45.6,0.0,4.7,0.2,11.3,0.0,13.8,,,44.8,19.5,,,39.0,21.5,41.1,24.3,0.0,0.0,0.0,0.0,0.0,0.0,0.0,0.0,0.0,0.0,0.0,0.0,83.8,-18.0,81.7,-17.4
2026-01-29,0.9,49.3,0.0,13.6,0.0,18.1,0.0,20.4,1.1,46.6,0.0,3.4,0.0,10.4,0.0,13.0,,,42.3,19.3,,,36.5,21.5,38.2,24.5,0.0,0.0,0.0,0.0,0.0,0.0,0.0,0.0,0.0,0.0,0.0,0.0,82.4,-20.0,79.7,-19.3
2026-01-30,1.0,56.7,0.0,8.5,0.0,13.5,0.0,15.9,1.2,48.8,0.0,-0.4,0.0,7.3,0.0,10.5,,,42.9,19.0,,,36.9,21.3,37.4,24.4,0.0,0.0,0.0,0.0,0.0,0.0,0.0,0.0,0.0,0.0,0.0,0.0,77.4,-27.2,75.6,-26.7
2026-01-31,1.0,58.3,0.0,7.1,0.0,12.2,0.0,14.6,1.2,49.9,0.0,-1.3,0.0,6.7,0.0,10.0,,,51.5,18.3,,,43.0,21.2,41.2,24.4,0.0,0.0,0.0,0.0,0.0,0.0,0.0,0.0,0.0,0.0,0.0,0.0,76.9,-27.9,75.8,-27.4
2026-02-01,0.8,49.8,0.0,14.4,0.0,18.9,0.0,21.2,1.1,46.6,0.0,4.5,0.2,11.3,0.0,13.6,0.0,0.0,56.2,19.2,0.0,0.0,45.8,21.7,43.8,24.7,0.0,0.0,0.0,0.0,0.0,0.0,0.0,0.0,0.0,0.0,0.0,0.0,85.4,-15.8,82.4,-15.4
2026-02-02,0.7,41.7,0.0,18.9,0.0,23.1,0.0,25.3,1.1,44.4,0.0,7.4,0.7,13.4,0.0,15.5,0.0,0.0,44.9,19.7,0.0,0.0,38.2,21.9,38.9,24.9,0.0,0.0,0.0,0.0,0.0,0.0,0.0,0.0,0.0,0.0,0.0,0.0,87.6,-12.0,83.3,-11.4
2026-02-03,0.8,45.9,0.0,17.4,0.0,21.6,0.0,23.8,1.1,44.8,0.0,6.3,0.5,12.6,0.0,14.8,0.0,0.0,41.2,20.1,0.0,0.0,35.8,21.9,36.0,25.2,0.0,0.0,0.0,0.0,0.0,0.0,0.0,0.0,0.0,0.0,0.0,0.0,86.4,-14.2,82.3,-13.5
2026-02-04,0.8,43.8,0.0,18.3,0.0,22.6,0.0,24.7,1.1,44.4,0.0,7.0,0.4,13.0,0.0,15.2,0.0,0.0,43.2,17.5,0.0,0.0,36.5,20.8,35.8,24.5,0.0,0.0,0.0,0.0,0.0,0.0,0.0,0.0,0.0,0.0,0.0,0.0,86.4,-13.7,82.4,-13.1
2026-02-05,0.8,48.8,0.0,14.6,0.0,19.0,0.0,21.3,1.1,46.0,0.0,4.3,0.1,11.1,0.0,13.5,0.0,0.0,38.6,14.7,0.0,0.0,32.5,18.9,36.9,23.5,0.0,0.0,0.0,0.0,0.0,0.0,0.0,0.0,0.0,0.0,0.0,0.0,83.9,-17.8,80.2,-17.3
2026-02-06,0.7,44.2,0.0,18.6,0.0,22.8,0.0,24.9,1.1,44.4,0.0,7.4,0.5,13.4,0.0,15.4,0.0,0.0,48.2,14.0,0.0,0.0,40.2,17.9,47.1,22.4,0.0,0.0,0.0,0.0,0.0,0.0,0.0,0.0,0.0,0.0,0.0,0.0,87.4,-11.8,83.3,-11.3
2026-02-07,0.7,42.3,0.0,19.4,0.0,23.6,0.0,25.7,1.0,44.0,0.0,7.5,0.8,13.4,0.0,15.6,0.0,0.0,57.6,13.4,0.0,0.0,47.4,17.7,50.0,21.7,0.0,0.0,0.0,0.0,0.0,0.0,0.0,0.0,0.0,0.0,0.0,0.0,86.7,-12.5,82.9,-12.2
2026-02-08,0.8,50.9,0.0,14.8,0.0,19.2,0.0,21.5,1.1,46.0,0.0,4.5,0.2,11.2,0.0,13.6,0.0,0.0,54.1,13.6,0.0,0.0,46.3,17.7,50.2,21.9,0.0,0.0,0.0,0.0,0.0,0.0,0.0,0.0,0.0,0.0,0.0,0.0,84.4,-17.4,81.4,-16.9
2026-02-09,0.8,48.2,0.0,16.7,0.0,20.9,0.0,23.2,1.1,45.1,0.0,5.9,0.3,12.2,0.0,14.5,0.0,0.0,46.1,14.3,0.0,0.0,40.6,17.5,49.7,22.0,0.0,0.0,0.0,0.0,0.0,0.0,0.0,0.0,0.0,0.0,0.0,0.0,84.5,-15.2,81.3,-14.6
2026-02-10,0.8,46.7,0.0,14.5,0.0,19.0,0.0,21.2,1.1,45.9,0.0,4.3,0.2,11.0,0.0,13.4,0.0,0.0,49.3,13.2,0.0,0.0,42.7,17.5,50.1,21.6,0.0,0.0,0.0,0.0,0.0,0.0,0.0,0.0,0.0,0.0,0.0,0.0,82.6,-18.2,79.9,-17.6
2026-02-11,0.9,51.7,0.0,12.8,0.0,17.4,0.0,19.7,1.1,46.6,0.0,2.9,0.0,9.9,0.0,12.5,0.0,0.0,0.0,0.0,0.0,0.0,0.0,0.0,0.0,0.0,0.0,0.0,0.0,0.0,0.0,0.0,0.0,0.0,0.0,0.0,0.0,0.0,81.5,-21.2,79.2,-20.7
2026-02-12,0.9,53.6,0.0,10.3,0.0,15.1,0.0,17.5,1.1,47.9,0.0,1.1,0.0,8.6,0.0,11.4,0.0,0.0,86.0,13.9,0.0,0.0,37.8,18.0,48.4,22.1,0.0,0.0,0.0,0.0,0.0,0.0,0.0,0.0,0.0,0.0,0.0,0.0,80.1,-23.9,78.1,-23.4
2026-02-13,0.9,50.2,0.0,12.2,0.0,16.8,0.0,19.2,1.1,47.0,0.0,2.7,0.0,9.9,0.0,12.4,0.0,0.0,89.3,16.2,0.0,0.0,33.7,19.5,48.5,23.0,0.0,0.0,0.0,0.0,0.0,0.0,0.0,0.0,0.0,0.0,0.0,0.0,81.5,-20.6,78.5,-20.1
2026-02-14,0.8,47.8,0.0,16.0,0.0,20.3,0.0,22.6,1.1,45.6,0.0,5.5,0.3,12.0,0.0,14.2,0.0,0.0,91.1,20.0,0.0,0.0,38.0,22.6,49.2,25.1,0.0,0.0,0.0,0.0,0.0,0.0,0.0,0.0,0.0,0.0,0.0,0.0,84.4,-15.2,81.1,-14.8
2026-02-15,0.9,49.8,0.0,13.1,0.0,17.7,0.0,20.0,1.1,46.6,0.0,3.1,0.0,10.1,0.0,12.7,0.0,0.0,0.0,0.0,0.0,0.0,0.0,0.0,0.0,0.0,0.0,0.0,0.0,0.0,0.0,0.0,0.0,0.0,0.0,0.0,0.0,0.0,80.0,-20.7,77.5,-20.3
2026-02-16,0.8,46.6,0.0,16.0,0.0,20.3,0.0,22.6,1.1,45.6,0.0,5.8,0.3,12.1,0.0,14.3,0.0,0.0,94.0,20.9,0.0,0.0,35.4,22.9,48.1,25.5,0.0,0.0,0.0,0.0,0.0,0.0,0.0,0.0,0.0,0.0,0.0,0.0,86.0,-13.6,83.0,-13.2
2026-02-17,0.7,41.5,0.0,21.3,0.0,25.4,0.0,27.4,1.0,43.0,0.0,9.3,0.9,14.7,0.0,16.6,0.0,0.0,97.9,20.4,0.0,0.0,41.9,21.5,53.2,24.8,0.0,0.0,0.0,0.0,0.0,0.0,0.0,0.0,0.0,0.0,0.0,0.0,86.6,-8.8,83.8,-8.5
2026-02-18,0.7,43.8,0.0,19.4,0.0,23.5,0.0,25.6,1.0,43.8,0.0,7.8,0.6,13.6,0.0,15.7,66.1,21.9,84.6,20.6,65.6,21.3,40.7,21.8,53.3,24.9,51.1,56.1,85.1,45.2,41.0,44.1,0.0,0.0,0.0,0.0,0.0,0.0,86.0,-11.1,83.2,-10.8
2026-02-19,0.7,43.0,0.0,18.5,0.0,22.5,0.0,24.6,1.1,44.3,0.0,7.4,0.3,13.3,0.0,15.4,68.7,21.7,87.1,20.6,70.4,21.1,40.2,21.7,53.2,25.0,88.0,92.8,87.5,75.1,68.9,74.8,0.0,0.0,0.0,0.0,0.0,0.0,82.6,-12.7,80.9,-12.5
2026-02-20,0.9,51.6,0.0,10.6,0.0,14.9,0.0,17.3,1.1,47.9,0.0,2.8,0.0,9.8,0.0,12.4,70.3,21.8,87.4,20.6,73.0,21.0,37.1,21.8,52.9,25.2,87.8,92.9,87.9,72.2,68.8,76.3,0.0,0.0,0.0,0.0,0.0,0.0,80.0,-20.5,78.5,-20.3
2026-02-21,0.7,42.2,0.0,18.3,0.0,22.3,0.0,24.4,1.1,44.7,0.0,8.2,0.9,13.9,0.0,15.9,72.1,22.2,88.8,20.7,74.9,21.3,45.0,22.3,54.0,25.6,89.0,93.6,88.9,70.7,70.5,76.3,0.0,0.0,0.0,0.0,0.0,0.0,87.0,-9.6,84.3,-9.3
2026-02-22,0.7,45.8,0.0,17.9,0.0,21.9,0.0,24.1,1.1,44.7,0.0,7.2,0.9,13.1,0.0,15.2,71.7,21.6,86.6,20.6,74.1,21.0,49.4,22.0,54.6,25.5,90.3,94.3,90.5,70.7,72.0,75.4,0.0,0.0,0.0,0.0,0.0,0.0,83.5,-13.2,81.5,-13.2
2026-02-23,0.8,49.1,0.0,12.1,0.0,16.5,0.0,18.8,1.1,47.1,0.0,3.4,0.2,10.3,0.0,12.8,73.4,21.4,89.1,20.2,77.0,20.5,38.3,21.8,52.2,25.0,72.1,86.4,84.9,49.6,70.9,68.3,0.0,0.0,0.0,0.0,0.0,0.0,79.6,-19.8,78.3,-19.6
2026-02-24,0.8,49.6,0.0,13.2,0.0,17.7,0.0,20.0,1.1,46.8,0.0,4.3,0.3,11.0,0.0,13.4,79.8,20.6,94.3,19.8,83.4,19.9,37.2,21.8,51.9,25.1,47.7,86.9,81.3,17.0,80.6,70.2,0.0,0.0,0.0,0.0,0.0,0.0,81.7,-17.8,79.9,-17.5
2026-02-25,0.8,47.9,0.0,12.6,0.0,17.2,0.0,19.5,1.1,47.0,0.0,3.8,0.2,10.6,0.0,13.1,86.6,20.0,99.3,19.5,89.3,19.4,39.4,21.4,52.1,25.0,43.6,86.1,80.6,15.4,79.2,68.5,0.0,0.0,0.0,0.0,0.0,0.0,81.5,-18.4,79.6,-18.2
2026-02-26,0.7,41.3,0.0,20.1,0.0,24.4,0.0,26.3,1.0,43.8,0.0,9.2,1.4,14.6,0.0,16.5,90.1,19.8,100.0,19.4,91.5,19.3,41.4,21.6,51.6,25.4,39.6,84.2,75.8,14.5,77.3,65.8,0.0,0.0,0.0,0.0,0.0,0.0,88.5,-7.3,85.7,-7.1
2026-02-27,0.6,37.4,0.0,23.3,0.0,27.5,0.0,29.2,1.0,42.3,0.0,11.1,1.8,15.9,0.0,17.7,91.0,19.9,95.4,19.6,87.5,19.2,42.6,21.7,52.6,25.1,40.7,91.8,86.6,18.7,84.7,73.5,0.0,0.0,0.0,0.0,0.0,0.0,87.9,-4.4,85.8,-4.3
2026-02-28,0.6,36.2,0.0,23.8,0.0,27.9,0.0,29.7,1.0,42.0,0.0,11.3,1.5,16.0,0.0,17.8,89.2,20.9,87.0,20.4,79.9,20.2,50.6,21.8,53.9,25.1,39.7,92.3,92.0,18.7,85.9,78.2,0.0,0.0,0.0,0.0,0.0,0.0,89.7,-4.5,86.8,-4.2
2026-03-01,0.6,38.4,0.0,23.0,0.0,27.2,0.0,29.0,1.0,42.3,0.0,10.7,1.7,15.7,0.0,17.4,85.0,21.2,86.4,20.8,79.4,20.7,52.2,22.0,54.6,25.1,36.9,91.4,96.1,17.2,86.2,80.8,0.0,0.0,0.0,0.0,0.0,0.0,88.7,-5.4,86.6,-5.3
2026-03-02,0.6,40.0,0.0,21.1,0.0,25.5,0.0,27.3,1.0,43.1,0.0,9.4,1.3,14.8,0.0,16.6,80.5,20.6,88.5,20.1,81.8,20.0,42.6,21.8,53.7,24.8,34.8,90.0,97.1,16.5,86.5,82.2,0.0,0.0,0.0,0.0,0.0,0.0,87.3,-8.4,85.4,-8.3
2026-03-03,0.7,42.5,0.0,20.4,0.0,24.6,0.0,26.5,1.0,43.4,0.0,9.3,1.4,14.6,0.0,16.4,81.3,20.6,89.6,20.0,83.2,19.9,41.4,21.8,53.5,24.8,34.2,88.6,97.7,15.9,86.2,82.9,0.0,0.0,0.0,0.0,0.0,0.0,89.2,-7.6,86.7,-7.4
2026-03-04,0.5,34.0,0.0,25.1,0.0,29.1,0.0,30.7,1.0,41.2,0.0,12.3,1.9,16.7,0.0,18.5,81.6,20.4,90.0,19.9,83.6,19.8,44.0,21.5,54.0,24.7,34.1,87.7,98.3,16.0,86.4,83.4,0.0,0.0,0.0,0.0,0.0,0.0,90.2,-2.3,88.1,-2.2
2026-03-05,0.6,36.0,0.0,24.4,0.0,28.5,0.0,30.1,1.0,41.6,0.0,11.7,1.6,16.3,0.0,18.0,82.1,20.3,90.5,19.8,84.4,19.7,43.8,21.6,53.8,24.6,35.1,86.9,98.5,16.4,86.6,82.7,0.0,0.0,0.0,0.0,0.0,0.0,89.0,-3.7,87.2,-3.6
2026-03-06,0.6,35.7,0.0,24.7,0.0,28.8,0.0,30.4,1.0,41.4,0.0,12.0,2.0,16.5,0.0,18.2,82.1,20.3,90.3,19.8,84.4,19.7,44.1,21.7,53.5,24.7,36.2,86.2,98.2,17.2,86.8,81.7,0.0,0.0,0.0,0.0,0.0,0.0,90.4,-2.2,88.5,-2.1
2026-03-07,0.5,34.5,0.0,26.1,0.0,30.1,0.0,31.6,1.0,40.8,0.0,12.9,2.0,17.1,0.0,18.8,80.6,20.7,88.9,20.2,83.1,20.0,54.1,21.5,55.7,24.5,36.7,85.5,98.5,17.3,86.8,81.0,0.0,0.0,0.0,0.0,0.0,0.0,87.9,-0.9,86.7,-0.8
2026-03-08,0.5,32.1,0.0,27.5,0.0,31.4,0.0,33.0,1.0,40.1,0.0,13.8,2.4,17.8,0.0,19.4,80.7,20.8,88.9,20.2,83.2,20.1,56.8,21.4,56.7,24.3,36.9,83.8,97.8,17.6,85.1,78.9,0.0,0.0,0.0,0.0,0.0,0.0,87.4,0.8,86.6,0.6
2026-03-09,0.6,38.2,0.0,24.0,0.0,28.1,0.0,29.7,1.0,41.6,0.0,11.6,1.7,16.2,0.0,17.8,81.9,20.4,89.6,19.9,84.4,19.8,45.1,21.6,53.6,25.0,35.2,78.8,94.0,16.0,78.2,71.2,0.0,0.0,0.0,0.0,0.0,0.0,87.9,-4.1,86.9,-4.0
2026-03-10,0.5,34.8,0.0,26.7,0.0,30.6,0.0,32.2,1.0,40.4,0.0,13.5,2.2,17.4,0.0,19.1,74.7,19.0,82.6,18.5,76.8,18.4,43.6,20.9,51.0,25.2,32.9,77.1,89.0,14.9,75.9,68.6,0.0,0.0,0.0,0.0,0.0,0.0,88.8,0.5,87.8,0.4
2026-03-11,0.5,32.6,0.0,27.5,0.0,31.3,0.0,32.8,1.0,40.0,0.0,13.9,1.7,17.8,0.0,19.4,79.1,15.9,87.6,15.3,82.3,15.1,44.3,18.5,51.6,22.7,38.9,86.5,99.9,19.1,87.6,79.2,0.0,0.0,0.0,0.0,0.0,0.0,90.8,0.8,89.1,0.9
2026-03-12,0.5,31.6,0.0,28.2,0.0,32.0,0.0,33.4,0.9,39.7,0.0,14.5,2.2,18.2,0.0,19.7,79.2,15.7,87.2,15.1,82.0,14.9,46.7,18.0,53.1,21.7,39.6,88.1,100.0,20.7,88.0,79.6,0.0,0.0,0.0,0.0,0.0,0.0,92.6,2.0,90.4,2.2
2026-03-13,0.5,31.6,0.0,28.4,0.0,32.1,0.0,33.6,0.9,39.4,0.0,14.6,1.9,18.3,0.0,19.7,76.6,15.5,84.9,14.9,79.7,14.6,47.0,17.9,53.6,21.3,40.6,89.0,100.0,23.0,88.2,79.4,0.0,0.0,0.0,0.0,0.0,0.0,91.5,2.5,89.4,2.6
2026-03-14,0.4,30.5,0.0,29.0,0.0,32.6,0.0,34.1,0.9,39.2,0.0,14.8,2.0,18.4,0.0,19.9,81.0,14.9,89.2,14.3,84.3,14.1,47.4,17.7,54.0,20.7,42.7,90.8,100.0,26.0,90.1,80.8,0.0,0.0,0.0,0.0,0.0,0.0,83.8,3.1,83.0,3.1
2026-03-15,0.5,33.4,0.0,28.1,0.0,31.9,0.0,33.4,0.9,39.6,0.0,14.2,2.0,17.9,0.0,19.5,82.8,14.8,91.8,14.0,87.1,13.8,48.9,17.1,54.5,20.0,42.1,90.9,100.0,25.3,89.5,80.5,0.0,0.0,0.0,0.0,0.0,0.0,90.5,1.2,88.7,1.4
2026-03-16,0.5,32.9,0.0,27.4,0.0,31.3,0.0,32.7,0.9,39.8,0.0,13.9,1.5,17.7,0.0,19.3,81.5,14.9,89.3,14.5,83.6,14.4,49.5,17.1,55.1,20.5,42.0,91.4,100.0,25.6,88.9,80.4,0.0,0.0,0.0,0.0,0.0,0.0,91.0,1.0,89.6,1.0
2026-03-17,0.5,32.4,0.0,27.6,0.0,31.4,0.0,32.8,0.9,39.7,0.0,14.2,1.9,18.0,0.0,19.4,85.9,14.1,92.2,13.9,85.7,14.1,49.8,17.0,55.5,20.0,42.2,91.4,100.0,25.8,88.0,79.4,0.0,0.0,0.0,0.0,0.0,0.0,89.3,1.3,87.8,1.4
2026-03-18,0.5,33.2,0.0,28.0,0.0,31.7,0.0,33.2,0.9,39.5,0.0,14.3,2.0,18.1,0.0,19.5,91.3,17.2,96.2,17.0,89.3,17.5,51.5,19.2,56.5,22.5,40.7,90.1,100.0,24.2,83.4,75.0,0.0,0.0,0.0,0.0,0.0,0.0,90.3,1.9,88.4,2.0
2026-03-19,0.4,29.6,0.0,29.4,0.0,33.1,0.0,34.5,0.9,38.9,0.0,15.3,2.2,18.8,0.0,20.2,93.1,16.7,97.9,16.5,90.7,16.9,47.8,19.1,51.9,23.7,38.8,89.0,99.6,22.8,80.3,70.6,0.0,0.0,0.0,0.0,0.0,0.0,76.4,4.1,77.0,3.8
2026-03-20,0.5,31.2,0.0,28.4,0.0,32.2,0.0,33.6,0.9,39.4,0.0,14.6,1.9,18.1,0.0,19.7,93.6,17.6,98.5,17.4,92.1,17.7,58.3,19.7,55.2,23.0,18.8,42.7,46.2,11.9,40.5,36.9,0.0,0.0,0.0,0.0,0.0,0.0,78.0,2.2,77.7,2.1
2026-03-21,0.4,29.3,0.0,29.5,0.0,33.2,0.0,34.6,0.9,38.9,0.0,15.3,2.3,18.7,0.0,20.1,94.5,17.0,99.6,16.7,92.1,17.1,56.5,19.2,56.1,22.2,0.0,0.0,0.0,0.0,0.0,0.0,0.0,0.0,0.0,0.0,0.0,0.0,72.5,3.8,72.5,3.6
2026-03-22,0.5,31.0,0.0,29.3,0.0,33.0,0.0,34.4,0.9,39.0,0.0,15.1,2.0,18.5,0.0,20.0,95.0,16.9,100.0,16.7,92.1,17.1,57.2,19.2,56.2,22.4,0.0,0.0,0.0,0.0,0.0,0.0,0.0,0.0,0.0,0.0,0.0,0.0,74.7,3.2,73.8,3.2
2026-03-23,0.5,31.6,0.0,29.1,0.0,32.8,0.0,34.2,0.9,38.9,0.0,15.0,1.9,18.5,0.0,19.9,95.2,17.2,99.8,16.9,91.7,17.3,49.9,19.1,54.6,22.9,0.0,0.0,0.0,0.0,0.0,0.0,0.0,0.0,0.0,0.0,0.0,0.0,72.1,3.5,72.1,3.4
2026-03-24,0.4,31.5,0.0,28.4,0.0,32.2,0.0,33.6,0.7,39.2,0.0,14.5,1.8,18.1,0.0,19.6,95.3,16.8,99.9,16.6,92.1,17.0,48.2,19.2,52.9,23.3,0.0,0.0,0.0,0.0,0.0,0.0,0.0,0.0,0.0,0.0,0.0,0.0,69.8,2.7,70.2,2.5
2026-03-29,0.4,28.6,17.1,17.3,0.0,19.0,0.0,20.0,0.8,34.8,7.9,31.9,5.2,34.3,1.4,35.8,97.8,16.8,100.0,16.5,93.1,17.0,55.9,19.1,54.5,22.7,98.9,83.0,33.9,79.7,82.9,96.7,0.0,0.0,0.0,0.0,0.0,0.0,89.5,1.7,86.9,1.9
2026-03-30,0.3,22.4,16.3,25.5,0.0,21.9,0.0,22.4,0.8,33.0,8.3,37.2,5.9,38.0,2.1,39.0,98.1,16.8,100.0,16.6,92.3,17.0,50.7,19.2,54.3,23.0,99.3,82.5,33.0,79.8,83.8,97.0,0.0,0.0,0.0,0.0,0.0,0.0,88.2,1.9,85.8,2.1
2026-03-31,0.1,19.5,16.4,30.4,0.0,23.4,0.0,23.7,0.4,32.4,9.2,39.6,6.1,39.7,2.5,40.6,98.7,17.0,100.0,16.6,92.6,16.9,50.3,19.2,54.1,23.2,99.6,81.2,33.0,79.7,85.6,96.7,0.0,0.0,0.0,0.0,0.0,0.0,89.3,2.1,86.6,2.3
2026-04-01,0.0,0.0,0.0,0.0,0.0,0.0,0.0,0.0,0.0,0.0,0.0,0.0,0.0,0.0,0.0,0.0,99.0,17.5,100.0,16.9,94.5,16.9,56.4,18.8,53.1,23.5,99.5,78.5,32.3,80.8,88.1,94.7,0.0,0.0,0.0,0.0,0.0,0.0,0.0,0.0,0.0,0.0
2026-04-02,0.2,34.9,21.9,17.9,0.0,20.7,0.0,22.2,0.5,44.1,20.0,34.4,3.7,20.3,1.1,20.2,97.9,17.1,100.0,16.4,94.0,16.5,45.8,19.3,51.9,23.6,99.5,79.0,32.9,81.5,88.8,94.9,0.0,0.0,0.0,0.0,0.0,0.0,61.2,4.3,62.9,4.0
2026-04-03,0.1,9.4,23.6,33.2,1.4,34.2,0.0,35.1,0.8,33.7,21.1,42.5,4.9,26.9,1.1,26.8,98.2,17.3,100.0,16.5,94.8,16.6,53.7,19.1,53.3,23.3,99.5,83.4,32.9,83.6,89.4,95.3,0.0,0.0,0.0,0.0,0.0,0.0,69.0,1.7,70.1,1.4
2026-04-04,0.0,2.5,25.6,43.5,2.2,38.6,0.0,39.3,0.7,31.3,22.4,46.1,5.2,28.8,2.0,28.3,98.2,17.5,100.0,16.7,94.8,16.9,56.1,19.2,55.3,22.7,99.9,91.8,35.1,86.3,90.4,98.6,0.0,0.0,0.0,0.0,0.0,0.0,65.1,2.0,67.1,1.6
2026-04-05,0.2,11.9,26.3,44.3,2.3,39.2,0.0,39.9,0.7,30.9,22.4,40.5,4.7,26.5,2.3,26.2,98.2,17.4,100.0,16.6,94.8,16.7,56.6,19.1,56.2,22.3,100.0,94.4,36.0,87.5,90.6,99.4,0.0,0.0,0.0,0.0,0.0,0.0,71.5,1.9,70.9,2.0
2026-04-06,0.2,18.7,26.0,43.9,2.3,38.8,0.0,39.5,0.6,31.0,22.4,34.2,3.8,24.4,2.2,24.1,98.2,17.4,100.0,16.6,94.8,16.8,56.6,19.0,55.2,22.9,99.9,89.7,34.9,87.1,88.5,96.2,0.0,0.0,0.0,0.0,0.0,0.0,86.0,2.7,84.0,2.8
